variant,gpus,N,samples,failed,min_sec,median_sec,max_sec,rel_spread_pct,steps,machine,approach,t_per_step,t_1gpu,speedup,efficiency,t_ref,gain,baseline_eff,baseline_ok
1-omp,1,512,5,0,3.4419,3.6701,3.6745,6.3,501,H100,01,0.007325548902195609,0.007325548902195609,1.0,1.0,0.0071843984574886475,0.9807317585901779,1.0,True
1-omp,1,640,5,0,6.1325,6.1538,6.1583,0.4,500,H100,01,0.0123076,0.0123076,1.0,1.0,0.012300130464970176,0.9993930957270448,1.0,True
1-omp,1,768,5,0,13.0932,13.6845,13.7271,4.6,501,H100,01,0.02731437125748503,0.02731437125748503,1.0,1.0,0.027365644602237355,1.0018771563243754,1.0,True
1-omp,1,896,5,0,21.5975,21.6177,21.735,0.6,501,H100,01,0.043149101796407185,0.043149101796407185,1.0,1.0,0.04312960519311836,0.9995481573780883,1.0,True
1-omp,1,1024,5,0,34.2733,34.6527,34.7118,1.3,501,H100,01,0.06916706586826347,0.06916706586826347,1.0,1.0,0.06886549034751525,0.9956398971539056,1.0,True
1-omp,1,1152,5,0,48.503,49.6165,49.664,2.3,500,H100,01,0.099233,0.099233,1.0,1.0,0.09927939190889526,1.0004675048511609,1.0,True
1-omp,1,1280,5,0,63.764,65.6739,65.8365,3.2,500,H100,01,0.13134780000000001,0.13134780000000001,1.0,1.0,0.1300335558185407,0.9899941667735637,1.0,True
2-omp,2,512,5,0,3.8148,3.9807,4.0208,5.2,501,H100,01,0.007945508982035929,0.007325548902195609,0.9219735222448313,0.46098676112241566,0.005489891694034515,0.6909427333663154,0.46098676112241566,False
2-omp,2,640,5,0,5.5364,5.8281,5.8458,5.3,500,H100,01,0.0116562,0.0123076,1.0558844220243304,0.5279422110121652,0.007942959333804624,0.6814364315818726,0.5279422110121652,False
2-omp,2,768,5,0,13.5667,13.9273,14.144,4.1,501,H100,01,0.027799001996007985,0.02731437125748503,0.9825666137729495,0.49128330688647476,0.01859030553674864,0.6687400338838877,0.49128330688647476,False
2-omp,2,896,5,0,21.34,21.4701,21.5221,0.8,501,H100,01,0.04285449101796407,0.043149101796407185,1.006874676876214,0.503437338438107,0.02800230419573163,0.6534275295439494,0.503437338438107,False
2-omp,2,1024,5,0,34.6025,34.9529,35.001,1.1,501,H100,01,0.06976626746506986,0.06916706586826347,0.9914112992055022,0.4957056496027511,0.045148845858178355,0.647144350681842,0.4957056496027511,False
2-omp,2,1152,5,0,49.8412,50.0924,50.4933,1.3,500,H100,01,0.10018479999999999,0.099233,0.9904995568189986,0.4952497784094993,0.06523390365963308,0.6511357377529634,0.4952497784094993,False
2-omp,2,1280,5,0,63.1261,64.9754,65.2324,3.2,500,H100,01,0.12995079999999998,0.13134780000000001,1.0107502223918594,0.5053751111959297,0.08411355147943757,0.6472722867380392,0.5053751111959297,False
2-omp-stream,2,512,5,0,3.8149,3.9932,4.0359,5.5,501,H100,01,0.007970459081836327,0.007325548902195609,0.9190874486627267,0.45954372433136337,0.004756188513970536,0.5967270473553137,0.45954372433136337,False
2-omp-stream,2,640,5,0,5.5259,5.7928,5.8346,5.3,500,H100,01,0.0115856,0.0123076,1.062318740505455,0.5311593702527275,0.00687852988292608,0.5937137379959674,0.5311593702527275,False
2-omp-stream,2,768,5,0,13.5756,13.9124,14.2016,4.5,501,H100,01,0.02776926147704591,0.02731437125748503,0.9836189298755067,0.49180946493775335,0.016983863455133832,0.6116065949097244,0.49180946493775335,False
2-omp-stream,2,896,5,0,21.3644,21.4792,21.5167,0.7,501,H100,01,0.04287265469061876,0.043149101796407185,1.0064480986256472,0.5032240493128236,0.025983375014294156,0.6060593915118521,0.5032240493128236,False
2-omp-stream,2,1024,5,0,34.6033,34.9588,34.9924,1.1,501,H100,01,0.06977804391217564,0.06916706586826347,0.9912439786262688,0.4956219893131344,0.042606766021246634,0.6106041905512937,0.4956219893131344,False
2-omp-stream,2,1152,5,0,49.8033,50.1339,50.5345,1.5,500,H100,01,0.10026779999999999,0.099233,0.9896796379296245,0.4948398189648123,0.0619306279141664,0.6176522065325698,0.4948398189648123,False
2-omp-stream,2,1280,5,0,63.1387,65.0476,65.2262,3.2,500,H100,01,0.1300952,0.13134780000000001,1.009628333712543,0.5048141668562715,0.08018717486257829,0.616373047295967,0.5048141668562715,False
2-omp-stream-omp,2,512,5,0,1.6966,1.7889,1.8045,6.0,501,H100,01,0.0035706586826347304,0.007325548902195609,2.051595952820169,1.0257979764100844,0.003607192000491046,1.0102315346000414,0.969166138237159,True
2-omp-stream-omp,2,640,5,0,2.5977,2.6425,2.6618,2.4,500,H100,01,0.005285,0.0123076,2.328779564806055,1.1643897824030276,0.005239441347198024,0.9913796305010453,1.1299054764794585,True
2-omp-stream-omp,2,768,5,0,6.6049,6.8266,6.8779,4.0,501,H100,01,0.013625948103792414,0.02731437125748503,2.0045850057129466,1.0022925028564733,0.013439001182894273,0.9862800797805689,1.0022925028564733,True
2-omp-stream-omp,2,896,5,0,10.2979,10.3298,10.4069,1.1,501,H100,01,0.020618363273453094,0.043149101796407185,2.092751069720614,1.046375534860307,0.020430751527488255,0.9909007449584325,1.0447919286501965,True
2-omp-stream-omp,2,1024,5,0,16.85,16.9106,16.9503,0.6,501,H100,01,0.03375369261477046,0.06916706586826347,2.0491703428618737,1.0245851714309369,0.033581063188500425,0.9948856136055914,1.0212982162633428,True
2-omp-stream-omp,2,1152,5,0,24.4708,24.6481,24.6746,0.8,500,H100,01,0.0492962,0.099233,2.012994916443864,1.006497458221932,0.04906912757255744,0.99539371336041,1.003860582442637,True
2-omp-stream-omp,2,1280,5,0,30.5894,31.8793,32.0304,4.5,500,H100,01,0.0637586,0.13134780000000001,2.0600797382627603,1.0300398691313801,0.06335623171467701,0.9936891919627628,1.002306394975646,True
2-omp-stream-omp-p2p,2,512,5,0,1.6529,1.7469,1.7519,5.7,501,H100,01,0.003486826347305389,0.007325548902195609,2.1009216326063314,1.0504608163031657,0.0034854897509119065,0.9996166725095113,0.9942307692307693,True
2-omp-stream-omp-p2p,2,640,5,0,2.5984,2.6221,2.6258,1.0,500,H100,01,0.0052442,0.0123076,2.3468975248846347,1.1734487624423173,0.005180025851582594,0.9877628335270573,1.1734487624423173,True
2-omp-stream-omp-p2p,2,768,5,0,6.5392,6.722,6.7624,3.3,501,H100,01,0.013417165668662676,0.02731437125748503,2.0357780422493303,1.0178890211246652,0.013307989769500395,0.9918629685390803,1.0178890211246652,True
2-omp-stream-omp-p2p,2,896,5,0,10.2076,10.2561,10.2712,0.6,501,H100,01,0.02047125748502994,0.043149101796407185,2.1077895106326965,1.0538947553163482,0.020268274562563856,0.9900844917507134,1.0538947553163482,True
2-omp-stream-omp-p2p,2,1024,5,0,16.7537,16.7814,16.7987,0.3,501,H100,01,0.03349580838323354,0.06916706586826347,2.0649469055025205,1.0324734527512602,0.03331873834087793,0.9947136656524391,1.0288331296542674,True
2-omp-stream-omp-p2p,2,1152,5,0,24.3492,24.3947,24.445,0.4,500,H100,01,0.048789400000000004,0.099233,2.0339049055737517,1.0169524527868758,0.04867002343854813,0.9975532275155694,1.0169524527868758,True
2-omp-stream-omp-p2p,2,1280,5,0,30.4766,31.6754,31.6925,3.8,500,H100,01,0.0633508,0.13134780000000001,2.073340826003776,1.036670413001888,0.0630509747190604,0.9952672218671336,1.0124174448095908,True
4-omp,4,512,5,0,4.9888,5.0883,5.132,2.8,501,H100,01,0.010156287425149702,0.007325548902195609,0.7212821571055166,0.18032053927637914,0.006716225905442724,0.6612874985018188,0.18032053927637914,False
4-omp,4,640,5,0,6.457,6.6312,6.7223,4.0,500,H100,01,0.013262399999999999,0.0123076,0.9280069972252384,0.2320017493063096,0.008677486894686021,0.6542923524163065,0.2320017493063096,False
4-omp,4,768,5,0,14.744,15.045,15.1428,2.7,501,H100,01,0.030029940119760477,0.02731437125748503,0.9095712861415753,0.22739282153539384,0.01679461993417305,0.5592625182466401,0.22739282153539384,False
4-omp,4,896,5,0,21.7147,21.8259,21.8948,0.8,501,H100,01,0.043564670658682636,0.043149101796407185,0.9904608744656578,0.24761521861641445,0.02343433105916623,0.5379205375559442,0.24761521861641445,False
4-omp,4,1024,5,0,36.3917,36.5087,36.757,1.0,501,H100,01,0.07287165668662673,0.06916706586826347,0.949162802290961,0.23729070057274024,0.03685106684324239,0.5056982168213177,0.23729070057274024,False
4-omp,4,1152,5,0,52.0326,52.2424,52.7084,1.3,500,H100,01,0.1044848,0.099233,0.9497362295759766,0.23743405739399415,0.05156228117270544,0.49349073906161894,0.23743405739399415,False
4-omp,4,1280,5,0,63.8711,64.9581,65.7248,2.9,500,H100,01,0.1299162,0.13134780000000001,1.011019410974151,0.25275485274353776,0.06405041781978771,0.4930133256652188,0.25275485274353776,False
4-omp-stream,4,512,5,0,5.0041,5.0851,5.1165,2.2,501,H100,01,0.010149900199600798,0.007325548902195609,0.7217360523883504,0.1804340130970876,0.004086564537712396,0.4026211546270301,0.1804340130970876,False
4-omp-stream,4,640,5,0,6.4687,6.5548,6.7137,3.7,500,H100,01,0.0131096,0.0123076,0.9388234576188441,0.23470586440471103,0.005080473231360284,0.3875383864771071,0.23470586440471103,False
4-omp-stream,4,768,5,0,14.7693,15.0232,15.1328,2.4,501,H100,01,0.02998642714570858,0.02731437125748503,0.9108911550135791,0.22772278875339477,0.01143754526736877,0.3814240760258636,0.22772278875339477,False
4-omp-stream,4,896,5,0,21.7157,21.8219,21.9213,0.9,501,H100,01,0.043556686626746506,0.043149101796407185,0.9906424280195584,0.2476606070048896,0.01635587315058926,0.3755077444422905,0.2476606070048896,False
4-omp-stream,4,1024,5,0,36.3913,36.5629,36.7915,1.1,501,H100,01,0.07297984031936128,0.06916706586826347,0.9477557852358538,0.23693894630896345,0.027244450185249337,0.37331474097541273,0.23693894630896345,False
4-omp-stream,4,1152,5,0,52.1266,52.3881,52.8019,1.3,500,H100,01,0.1047762,0.099233,0.9470948555110799,0.23677371387776996,0.039355387199349126,0.37561380541906586,0.23677371387776996,False
4-omp-stream,4,1280,5,0,63.8658,65.1034,65.7767,2.9,500,H100,01,0.13020679999999998,0.13134780000000001,1.0087629831928904,0.2521907457982226,0.04889357870096748,0.3755071063951152,0.2521907457982226,False
4-omp-stream-omp,4,512,5,0,1.1703,1.1706,1.2017,2.7,501,H100,01,0.002336526946107785,0.007325548902195609,3.13522979668546,0.783807449171365,0.0024912463352778614,1.066217678091755,0.6723057184750733,True
4-omp-stream-omp,4,640,5,0,1.5037,1.5275,1.5511,3.1,500,H100,01,0.003055,0.0123076,4.028674304418986,1.0071685761047464,0.0031036289528384056,1.015917824169691,0.9388484811441843,True
4-omp-stream-omp,4,768,5,0,3.6613,3.6915,3.7133,1.4,501,H100,01,0.007368263473053892,0.02731437125748503,3.7070296627387243,0.9267574156846811,0.0072233713944072015,0.9803356545030497,0.9114662203448367,True
4-omp-stream-omp,4,896,5,0,5.2111,5.2401,5.3196,2.1,501,H100,01,0.010459281437125748,0.043149101796407185,4.125436537470659,1.0313591343676647,0.010331839733035555,0.9878154436462688,0.9893425054043162,True
4-omp-stream-omp,4,1024,5,0,8.7149,8.8583,8.9698,2.9,501,H100,01,0.0176812375249501,0.06916706586826347,3.9118905433322424,0.9779726358330606,0.017203091198538085,0.9729574173901968,0.96980198019802,True
4-omp-stream-omp,4,1152,5,0,12.6819,12.7796,13.0664,3.0,500,H100,01,0.0255592,0.099233,3.8824767598359884,0.9706191899589971,0.024896575072765808,0.9740748956448483,0.9650437972656827,True
4-omp-stream-omp,4,1280,5,0,15.7245,16.1107,16.1288,2.5,500,H100,01,0.032221400000000004,0.13134780000000001,4.0764150533496375,1.0191037633374094,0.031107235451535053,0.9654215971849469,0.9965119189138459,True
4-omp-stream-omp-p2p,4,512,5,0,0.9437,0.9646,0.9686,2.6,501,H100,01,0.0019253493013972056,0.007325548902195609,3.8047895500725692,0.9511973875181423,0.0019012703757640655,0.987493736530994,0.9306555615260613,True
4-omp-stream-omp-p2p,4,640,5,0,1.2058,1.2092,1.2163,0.9,500,H100,01,0.0024184000000000002,0.0123076,5.08914985114125,1.2722874627853125,0.0023883939013886204,0.9875925824465018,1.240150169546262,True
4-omp-stream-omp-p2p,4,768,5,0,3.1632,3.1851,3.1946,1.0,501,H100,01,0.006357485029940119,0.02731437125748503,4.2964114156541395,1.0741028539135349,0.006405331255564853,1.0075259674854766,1.0271083435619555,True
4-omp-stream-omp-p2p,4,896,5,0,4.657,4.6719,4.7007,0.9,501,H100,01,0.009325149700598803,0.043149101796407185,4.627175239196045,1.1567938097990111,0.009406697384530548,1.0087449195508904,1.1113586319017141,True
4-omp-stream-omp-p2p,4,1024,5,0,8.1622,8.2127,8.2626,1.2,501,H100,01,0.016392614770459082,0.06916706586826347,4.219404093659819,1.0548510234149548,0.016261120627898373,0.9919784522236396,1.045351220982816,True
4-omp-stream-omp-p2p,4,1152,5,0,11.8988,11.9431,12.0948,1.6,500,H100,01,0.0238862,0.099233,4.154407147223083,1.0386017868057706,0.02402550310063863,1.0058319490182042,1.0065052974602993,True
4-omp-stream-omp-p2p,4,1280,5,0,14.8297,14.9283,14.984,1.0,500,H100,01,0.0298566,0.13134780000000001,4.399288599505637,1.0998221498764094,0.030021029762900858,1.0055073170723008,1.0316177756475444,True
1-omp,1,512,5,0,3.4146,3.6681,3.6746,7.1,501,H100,02,0.007321556886227544,0.007321556886227544,1.0,1.0,0.0071843984574886475,0.9812664941527801,1.0,True
1-omp,1,640,5,0,6.13,6.1442,6.1515,0.4,500,H100,02,0.0122884,0.0122884,1.0,1.0,0.012300130464970176,1.0009545966090114,1.0,True
1-omp,1,768,5,0,13.6714,13.7234,13.7414,0.5,501,H100,02,0.02739201596806387,0.02739201596806387,1.0,1.0,0.027365644602237355,0.9990372608625352,1.0,True
1-omp,1,896,5,0,21.2861,21.6017,21.7973,2.4,501,H100,02,0.04311716566866268,0.04311716566866268,1.0,1.0,0.04312960519311836,1.0002885051524786,1.0,True
1-omp,1,1024,5,0,34.6469,34.6743,34.7095,0.2,501,H100,02,0.06921017964071857,0.06921017964071857,1.0,1.0,0.06886549034751525,0.9950196734787764,1.0,True
1-omp,1,1152,5,0,49.6413,49.6654,49.6758,0.1,500,H100,02,0.0993308,0.0993308,1.0,1.0,0.09927939190889526,0.9994824556823791,1.0,True
1-omp,1,1280,5,0,63.6227,63.709,65.7156,3.3,500,H100,02,0.127418,0.127418,1.0,1.0,0.1300335558185407,1.0205273651959748,1.0,True
2-omp,2,512,5,0,2.2028,2.2809,2.3155,4.9,501,H100,02,0.004552694610778443,0.007321556886227544,1.6081809811916348,0.8040904905958174,0.005489891694034515,1.2058554687672813,0.46098676112241566,False
2-omp,2,640,5,0,3.2887,3.2917,3.2992,0.3,500,H100,02,0.0065834000000000005,0.0122884,1.8665735030531334,0.9332867515265667,0.007942959333804624,1.2065132505703167,0.5279422110121652,False
2-omp,2,768,5,0,7.6016,7.6635,7.6986,1.3,501,H100,02,0.015296407185628743,0.02739201596806387,1.7907483525804135,0.8953741762902068,0.01859030553674864,1.2153380405703749,0.49128330688647476,False
2-omp,2,896,5,0,11.3062,11.3473,11.4195,1.0,501,H100,02,0.02264930139720559,0.04311716566866268,1.9036863394816388,0.9518431697408194,0.02800230419573163,1.2363429540121038,0.503437338438107,False
2-omp,2,1024,5,0,18.0477,18.2244,18.309,1.4,501,H100,02,0.03637604790419161,0.06921017964071857,1.9026305392770138,0.9513152696385069,0.045148845858178355,1.241169628352503,0.4957056496027511,False
2-omp,2,1152,5,0,26.1369,26.3412,26.4161,1.1,500,H100,02,0.052682400000000004,0.0993308,1.8854645953866944,0.9427322976933472,0.06523390365963308,1.23824851676524,0.4952497784094993,False
2-omp,2,1280,5,0,33.5544,33.9239,34.0388,1.4,500,H100,02,0.0678478,0.127418,1.8779975179740538,0.9389987589870269,0.08411355147943757,1.239738819526021,0.5053751111959297,False
2-omp-stream,2,512,5,0,1.8678,1.9295,1.9396,3.7,501,H100,02,0.0038512974051896206,0.007321556886227544,1.901062451412283,0.9505312257061415,0.004756188513970536,1.2349574736974547,0.45954372433136337,False
2-omp-stream,2,640,5,0,2.7194,2.7523,2.7541,1.3,500,H100,02,0.0055046,0.0122884,2.2323874577625986,1.1161937288812993,0.00687852988292608,1.2495966796726519,0.5311593702527275,False
2-omp-stream,2,768,5,0,6.6156,6.7156,6.7396,1.8,501,H100,02,0.01340439121756487,0.02739201596806387,2.043510631961403,1.0217553159807016,0.016983863455133832,1.267037284981543,0.49180946493775335,False
2-omp-stream,2,896,5,0,10.1412,10.1926,10.2349,0.9,501,H100,02,0.020344510978043913,0.04311716566866268,2.1193512940760946,1.0596756470380473,0.025983375014294156,1.2771688168044828,0.5032240493128236,False
2-omp-stream,2,1024,5,0,16.7285,16.7496,16.8496,0.7,501,H100,02,0.03343233532934132,0.06921017964071857,2.0701568992692363,1.0350784496346181,0.042606766021246634,1.2744178832118118,0.4956219893131344,False
2-omp-stream,2,1152,5,0,24.3509,24.4043,24.57,0.9,500,H100,02,0.0488086,0.0993308,2.0351085669328763,1.0175542834664382,0.0619306279141664,1.2688466359241282,0.4948398189648123,False
2-omp-stream,2,1280,5,0,31.4139,31.4918,31.8667,1.4,500,H100,02,0.0629836,0.127418,2.0230345677287422,1.0115172838643711,0.08018717486257829,1.2731437209460603,0.5048141668562715,False
2-omp-stream-omp,2,512,5,0,1.859,1.8924,1.9149,3.0,501,H100,02,0.003777245508982036,0.007321556886227544,1.938332276474318,0.969166138237159,0.003607192000491046,0.9549794928376738,0.969166138237159,True
2-omp-stream-omp,2,640,5,0,2.69,2.7189,2.7371,1.7,500,H100,02,0.0054378000000000004,0.0122884,2.259810952958917,1.1299054764794585,0.005239441347198024,0.9635222603255036,1.1299054764794585,True
2-omp-stream-omp,2,768,5,0,6.6992,6.8301,6.8681,2.5,501,H100,02,0.013632934131736527,0.02739201596806387,2.00925315881173,1.004626579405865,0.013439001182894273,0.9857746727910325,1.0022925028564733,True
2-omp-stream-omp,2,896,5,0,10.3156,10.3378,10.4296,1.1,501,H100,02,0.020634331337325347,0.04311716566866268,2.089583857300393,1.0447919286501965,0.020430751527488255,0.9901339274576425,1.0447919286501965,True
2-omp-stream-omp,2,1024,5,0,16.845,16.9756,17.1124,1.6,501,H100,02,0.033883433133732536,0.06921017964071857,2.0425964325266857,1.0212982162633428,0.033581063188500425,0.9910761715308273,1.0212982162633428,True
2-omp-stream-omp,2,1152,5,0,24.5858,24.7372,24.8503,1.1,500,H100,02,0.0494744,0.0993308,2.007721164885274,1.003860582442637,0.04906912757255744,0.9918084417912585,1.003860582442637,True
2-omp-stream-omp,2,1280,5,0,31.6973,31.7812,32.1144,1.3,500,H100,02,0.06356239999999999,0.127418,2.004612789951292,1.002306394975646,0.06335623171467701,0.9967564427189191,1.002306394975646,True
2-omp-stream-omp-p2p,2,512,5,0,1.6752,1.7498,1.7554,4.6,501,H100,02,0.0034926147704590817,0.007321556886227544,2.0962967196251,1.04814835981255,0.0034854897509119065,0.9979599755439852,0.9942307692307693,True
2-omp-stream-omp-p2p,2,640,5,0,2.6021,2.605,2.6144,0.5,500,H100,02,0.00521,0.0122884,2.3586180422264875,1.1793090211132438,0.005180025851582594,0.9942468045264096,1.1734487624423173,True
2-omp-stream-omp-p2p,2,768,5,0,6.6059,6.6725,6.6915,1.3,501,H100,02,0.013318363273453095,0.02739201596806387,2.056710378418883,1.0283551892094416,0.013307989769500395,0.9992211127043383,1.0178890211246652,True
2-omp-stream-omp-p2p,2,896,5,0,10.0628,10.1201,10.1586,0.9,501,H100,02,0.0201998003992016,0.04311716566866268,2.1345342437327695,1.0672671218663847,0.020268274562563856,1.0033898435632544,1.0538947553163482,True
2-omp-stream-omp-p2p,2,1024,5,0,16.5186,16.686,16.6997,1.1,501,H100,02,0.03330538922155689,0.06921017964071857,2.078047464940669,1.0390237324703344,0.03331873834087793,1.0004008095876689,1.0288331296542674,True
2-omp-stream-omp-p2p,2,1152,5,0,24.2359,24.3419,24.3483,0.5,500,H100,02,0.0486838,0.0993308,2.04032552923149,1.020162764615745,0.04867002343854813,0.9997170195947754,1.0169524527868758,True
2-omp-stream-omp-p2p,2,1280,5,0,31.3527,31.4638,31.5836,0.7,500,H100,02,0.0629276,0.127418,2.0248348896191817,1.0124174448095908,0.0630509747190604,1.0019605819872426,1.0124174448095908,True
4-omp,4,512,5,0,2.6242,2.7148,2.7855,5.9,501,H100,02,0.0054187624750499,0.007321556886227544,1.3511492559304552,0.3377873139826138,0.006716225905442724,1.2394390668287922,0.18032053927637914,False
4-omp,4,640,5,0,3.4847,3.5189,3.5241,1.1,500,H100,02,0.0070377999999999994,0.0122884,1.7460570064508796,0.4365142516127199,0.008677486894686021,1.2329828774170937,0.2320017493063096,False
4-omp,4,768,5,0,6.0439,6.2823,6.3276,4.5,501,H100,02,0.012539520958083833,0.02739201596806387,2.1844547379144577,0.5461136844786144,0.01679461993417305,1.3393350503829327,0.22739282153539384,False
4-omp,4,896,5,0,8.4448,8.6871,8.7038,3.0,501,H100,02,0.01733952095808383,0.04311716566866268,2.4866411115331934,0.6216602778832984,0.02343433105916623,1.3514981824362884,0.24761521861641445,False
4-omp,4,1024,5,0,12.7815,12.9168,13.4757,5.4,501,H100,02,0.025782035928143713,0.06921017964071857,2.684434225195095,0.6711085562987738,0.03685106684324239,1.4293311414951408,0.23729070057274024,False
4-omp,4,1152,5,0,18.0236,18.2802,18.3073,1.6,500,H100,02,0.0365604,0.0993308,2.7168958764127304,0.6792239691031826,0.05156228117270544,1.4103314288876885,0.23743405739399415,False
4-omp,4,1280,5,0,22.0054,22.4503,22.6329,2.8,500,H100,02,0.0449006,0.127418,2.837779450608678,0.7094448626521696,0.06405041781978771,1.4264935840453739,0.25275485274353776,False
4-omp-stream,4,512,5,0,1.3418,1.3496,1.3577,1.2,501,H100,02,0.002693812375249501,0.007321556886227544,2.717916419679905,0.6794791049199762,0.004086564537712396,1.5170189933268454,0.1804340130970876,False
4-omp-stream,4,640,5,0,1.6374,1.649,1.6563,1.1,500,H100,02,0.003298,0.0122884,3.7260157671315945,0.9315039417828986,0.005080473231360284,1.5404709616010561,0.23470586440471103,False
4-omp-stream,4,768,5,0,3.6371,3.6552,3.6792,1.2,501,H100,02,0.0072958083832335326,0.02739201596806387,3.754486758590501,0.9386216896476253,0.01143754526736877,1.5676871796212941,0.22772278875339477,False
4-omp-stream,4,896,5,0,5.2399,5.276,5.3394,1.9,501,H100,02,0.010530938123752494,0.04311716566866268,4.094332827899925,1.0235832069749813,0.01635587315058926,1.5531259379160764,0.2476606070048896,False
4-omp-stream,4,1024,5,0,8.5796,8.6243,8.698,1.4,501,H100,02,0.017214171656686626,0.06921017964071857,4.020534999942025,1.0051337499855062,0.027244450185249337,1.5826756424069106,0.23693894630896345,False
4-omp-stream,4,1152,5,0,12.3404,12.3926,12.464,1.0,500,H100,02,0.0247852,0.0993308,4.007665865113051,1.0019164662782627,0.039355387199349126,1.587858367063777,0.23677371387776996,False
4-omp-stream,4,1280,5,0,15.2964,15.3478,15.4327,0.9,500,H100,02,0.0306956,0.127418,4.151018387000091,1.0377545967500228,0.04889357870096748,1.5928530050224619,0.2521907457982226,False
4-omp-stream-omp,4,512,5,0,1.3517,1.364,1.3719,1.5,501,H100,02,0.002722554890219561,0.007321556886227544,2.689222873900293,0.6723057184750733,0.0024912463352778614,0.9150398929429681,0.6723057184750733,True
4-omp-stream-omp,4,640,5,0,1.6172,1.6361,1.6529,2.2,500,H100,02,0.0032722000000000003,0.0122884,3.755393924576737,0.9388484811441843,0.0031036289528384056,0.9484838802146585,0.9388484811441843,True
4-omp-stream-omp,4,768,5,0,3.7552,3.7641,3.8424,2.3,501,H100,02,0.007513173652694611,0.02739201596806387,3.645864881379347,0.9114662203448367,0.0072233713944072015,0.9614274510767535,0.9114662203448367,True
4-omp-stream-omp,4,896,5,0,5.3737,5.4586,5.5856,3.9,501,H100,02,0.010895409181636726,0.04311716566866268,3.957370021617265,0.9893425054043162,0.010331839733035555,0.9482745953634288,0.9893425054043162,True
4-omp-stream-omp,4,1024,5,0,8.8944,8.9385,9.0316,1.5,501,H100,02,0.01784131736526946,0.06921017964071857,3.87920792079208,0.96980198019802,0.017203091198538085,0.9642276322053568,0.96980198019802,True
4-omp-stream-omp,4,1152,5,0,12.7938,12.8661,12.9578,1.3,500,H100,02,0.0257322,0.0993308,3.8601751890627307,0.9650437972656827,0.024896575072765808,0.9675260985366897,0.9650437972656827,True
4-omp-stream-omp,4,1280,5,0,15.6577,15.983,16.1473,3.1,500,H100,02,0.031966,0.127418,3.9860476756553838,0.9965119189138459,0.031107235451535053,0.9731350638658278,0.9965119189138459,True
4-omp-stream-omp-p2p,4,512,5,0,0.9542,0.9629,0.9804,2.7,501,H100,02,0.0019219560878243514,0.007321556886227544,3.8094298473361716,0.9523574618340429,0.0019012703757640655,0.9892371567741165,0.9306555615260613,True
4-omp-stream-omp-p2p,4,640,5,0,1.2341,1.2386,1.248,1.1,500,H100,02,0.0024771999999999997,0.0122884,4.960600678185048,1.240150169546262,0.0023883939013886204,0.964150614156556,1.240150169546262,True
4-omp-stream-omp-p2p,4,768,5,0,3.2965,3.3403,3.3736,2.3,501,H100,02,0.0066672654690618765,0.02739201596806387,4.108433374247822,1.0271083435619555,0.006405331255564853,0.9607133967122687,1.0271083435619555,True
4-omp-stream-omp-p2p,4,896,5,0,4.756,4.8593,4.9863,4.7,501,H100,02,0.009699201596806388,0.04311716566866268,4.4454345276068565,1.1113586319017141,0.009406697384530548,0.9698424443129265,1.1113586319017141,True
4-omp-stream-omp-p2p,4,1024,5,0,8.2245,8.2925,8.3678,1.7,501,H100,02,0.01655189620758483,0.06921017964071857,4.181404883931264,1.045351220982816,0.016261120627898373,0.9824324913568989,1.045351220982816,True
4-omp-stream-omp-p2p,4,1152,5,0,12.0702,12.3361,12.5017,3.5,500,H100,02,0.024672200000000002,0.0993308,4.026021189841197,1.0065052974602993,0.02402550310063863,0.973788438024928,1.0065052974602993,True
4-omp-stream-omp-p2p,4,1280,5,0,15.4011,15.4391,15.5545,1.0,500,H100,02,0.030878199999999998,0.127418,4.126471102590178,1.0316177756475444,0.030021029762900858,0.9722402783485067,1.0316177756475444,True
1-omp,1,512,5,0,3.4315,3.4639,3.6767,7.1,501,H100,03,0.006913972055888224,0.006913972055888224,1.0,1.0,0.0071843984574886475,1.0391130307462144,1.0,True
1-omp,1,640,5,0,6.1476,6.1522,6.1842,0.6,500,H100,03,0.0123044,0.0123044,1.0,1.0,0.012300130464970176,0.999653007458322,1.0,True
1-omp,1,768,5,0,13.1658,13.7227,13.7428,4.2,501,H100,03,0.02739061876247505,0.02739061876247505,1.0,1.0,0.027365644602237355,0.9990882221225352,1.0,True
1-omp,1,896,5,0,21.6003,21.6044,21.6547,0.3,501,H100,03,0.04312255489021956,0.04312255489021956,1.0,1.0,0.04312960519311836,1.0001634945544566,1.0,True
1-omp,1,1024,5,0,34.0411,34.1801,34.7617,2.1,501,H100,03,0.06822375249500999,0.06822375249500999,1.0,1.0,0.06886549034751525,1.0094063699083717,1.0,True
1-omp,1,1152,5,0,49.6148,49.6372,49.7328,0.2,500,H100,03,0.0992744,0.0992744,1.0,1.0,0.09927939190889526,1.0000502839492886,1.0,True
1-omp,1,1280,5,0,65.6355,65.6875,65.8334,0.3,500,H100,03,0.131375,0.131375,1.0,1.0,0.1300335558185407,0.9897891974769988,1.0,True
2-omp,2,512,5,0,2.226,2.2916,2.3286,4.5,501,H100,03,0.004574051896207585,0.006913972055888224,1.5115639727701171,0.7557819863850586,0.005489891694034515,1.2002250561665615,0.46098676112241566,False
2-omp,2,640,5,0,3.2579,3.2652,3.2735,0.5,500,H100,03,0.0065304000000000004,0.0123044,1.884172485605782,0.942086242802891,0.007942959333804624,1.216305177907115,0.5279422110121652,False
2-omp,2,768,5,0,7.5501,7.5697,7.6077,0.8,501,H100,03,0.015109181636726548,0.02739061876247505,1.8128459516229176,0.9064229758114588,0.01859030553674864,1.2303979119266375,0.49128330688647476,False
2-omp,2,896,5,0,11.3194,11.3336,11.3409,0.2,501,H100,03,0.022621956087824354,0.04312255489021956,1.906225735865038,0.953112867932519,0.02800230419573163,1.2378374393009763,0.503437338438107,False
2-omp,2,1024,5,0,17.7506,18.1684,18.256,2.8,501,H100,03,0.03626427145708583,0.06822375249500999,1.8812938948944324,0.9406469474472162,0.045148845858178355,1.244995254119645,0.4957056496027511,False
2-omp,2,1152,5,0,26.252,26.298,26.3162,0.2,500,H100,03,0.052596,0.0992744,1.8874895429310214,0.9437447714655107,0.06523390365963308,1.2402826005710146,0.4952497784094993,False
2-omp,2,1280,5,0,33.7229,33.7484,33.9117,0.6,500,H100,03,0.0674968,0.131375,1.9463885695321852,0.9731942847660926,0.08411355147943757,1.246185767020623,0.5053751111959297,False
2-omp-stream,2,512,5,0,1.6893,1.756,1.7635,4.2,501,H100,03,0.00350499001996008,0.006913972055888224,1.972608200455581,0.9863041002277905,0.004756188513970536,1.3569763357057167,0.45954372433136337,False
2-omp-stream,2,640,5,0,2.5415,2.5516,2.5732,1.2,500,H100,03,0.0051032000000000004,0.0123044,2.4111145947640695,1.2055572973820348,0.00687852988292608,1.3478856174412288,0.5311593702527275,False
2-omp-stream,2,768,5,0,6.5579,6.5938,6.6015,0.7,501,H100,03,0.01316127744510978,0.02739061876247505,2.0811519912645213,1.0405759956322607,0.016983863455133832,1.2904418682735372,0.49180946493775335,False
2-omp-stream,2,896,5,0,10.0631,10.0762,10.1001,0.4,501,H100,03,0.020112175648702595,0.04312255489021956,2.14410194319287,1.072050971596435,0.025983375014294156,1.2919226377167357,0.5032240493128236,False
2-omp-stream,2,1024,5,0,16.286,16.6107,16.6512,2.2,501,H100,03,0.033155089820359286,0.06822375249500999,2.0577158096889354,1.0288579048444677,0.042606766021246634,1.285074667331573,0.4956219893131344,False
2-omp-stream,2,1152,5,0,24.2562,24.2677,24.2808,0.1,500,H100,03,0.0485354,0.0992744,2.045401912830635,1.0227009564153176,0.0619306279141664,1.2759888228832232,0.4948398189648123,False
2-omp-stream,2,1280,5,0,31.4489,31.4627,31.4752,0.1,500,H100,03,0.0629254,0.131375,2.0877896684009953,1.0438948342004977,0.08018717486257829,1.2743212575935676,0.5048141668562715,False
2-omp-stream-omp,2,512,5,0,1.6934,1.7435,1.7587,3.7,501,H100,03,0.0034800399201596805,0.006913972055888224,1.9867507886435332,0.9933753943217666,0.003607192000491046,1.0365375349848087,0.969166138237159,True
2-omp-stream-omp,2,640,5,0,2.4951,2.5024,2.5313,1.4,500,H100,03,0.0050048,0.0123044,2.458519820971867,1.2292599104859334,0.005239441347198024,1.0468832615085566,1.1299054764794585,True
2-omp-stream-omp,2,768,5,0,6.4996,6.5461,6.5581,0.9,501,H100,03,0.013066067864271457,0.02739061876247505,2.0963168909732515,1.0481584454866257,0.013439001182894273,1.0285421231924399,1.0022925028564733,True
2-omp-stream-omp,2,896,5,0,10.0395,10.0426,10.0628,0.2,501,H100,03,0.02004510978043912,0.04312255489021956,2.151275566088463,1.0756377830442314,0.020430751527488255,1.0192386946877916,1.0447919286501965,True
2-omp-stream-omp,2,1024,5,0,16.2182,16.5887,16.6248,2.5,501,H100,03,0.033111177644710575,0.06822375249500999,2.0604447605900407,1.0302223802950203,0.033581063188500425,1.0141911456255592,1.0212982162633428,True
2-omp-stream-omp,2,1152,5,0,24.2113,24.2215,24.2411,0.1,500,H100,03,0.048443,0.0992744,2.0493033049150546,1.0246516524575273,0.04906912757255744,1.01292503710665,1.003860582442637,True
2-omp-stream-omp,2,1280,5,0,31.342,31.3761,31.4106,0.2,500,H100,03,0.06275220000000001,0.131375,2.0935520985718425,1.0467760492859213,0.06335623171467701,1.0096256659476004,1.002306394975646,True
2-omp-stream-omp-p2p,2,512,5,0,1.653,1.742,1.7509,5.6,501,H100,03,0.0034770459081836327,0.006913972055888224,1.9884615384615385,0.9942307692307693,0.0034854897509119065,1.002428453046421,0.9942307692307693,True
2-omp-stream-omp-p2p,2,640,5,0,2.5309,2.5436,2.5567,1.0,500,H100,03,0.0050872,0.0123044,2.4186979084761755,1.2093489542380877,0.005180025851582594,1.0182469436197896,1.1734487624423173,True
2-omp-stream-omp-p2p,2,768,5,0,6.5512,6.6079,6.6261,1.1,501,H100,03,0.01318942115768463,0.02739061876247505,2.0767112093100684,1.0383556046550342,0.013307989769500395,1.00898967516453,1.0178890211246652,True
2-omp-stream-omp-p2p,2,896,5,0,10.0778,10.0878,10.1079,0.3,501,H100,03,0.020135329341317364,0.04312255489021956,2.1416364321259342,1.0708182160629671,0.020268274562563856,1.0066025848891227,1.0538947553163482,True
2-omp-stream-omp-p2p,2,1024,5,0,16.276,16.6111,16.6504,2.3,501,H100,03,0.03315588822355289,0.06822375249500999,2.057666259308535,1.0288331296542674,0.03331873834087793,1.0049116499677833,1.0288331296542674,True
2-omp-stream-omp-p2p,2,1152,5,0,24.226,24.2686,24.2891,0.3,500,H100,03,0.048537199999999996,0.0992744,2.0453260591875924,1.0226630295937962,0.04867002343854813,1.002736528653242,1.0169524527868758,True
2-omp-stream-omp-p2p,2,1280,5,0,31.4028,31.4378,31.4843,0.3,500,H100,03,0.0628756,0.131375,2.0894432816545683,1.0447216408272841,0.0630509747190604,1.0027892333283563,1.0124174448095908,True
4-omp,4,512,5,0,2.7031,2.7579,2.785,3.0,501,H100,03,0.005504790419161677,0.006913972055888224,1.2559918778780956,0.3139979694695239,0.006716225905442724,1.2200693203621613,0.18032053927637914,False
4-omp,4,640,5,0,3.4972,3.5002,3.5189,0.6,500,H100,03,0.0070004,0.0123044,1.7576709902291296,0.4394177475572824,0.008677486894686021,1.2395701523750102,0.2320017493063096,False
4-omp,4,768,5,0,6.0667,6.3025,6.3248,4.1,501,H100,03,0.012579840319361277,0.02739061876247505,2.1773423244744152,0.5443355811186038,0.01679461993417305,1.335042377948544,0.22739282153539384,False
4-omp,4,896,5,0,8.4671,8.5354,8.7391,3.2,501,H100,03,0.017036726546906186,0.04312255489021956,2.5311526114769083,0.6327881528692271,0.02343433105916623,1.3755184128034166,0.24761521861641445,False
4-omp,4,1024,5,0,12.9174,13.3448,13.4785,4.2,501,H100,03,0.02663632734530938,0.06822375249500999,2.561304777891014,0.6403261944727535,0.03685106684324239,1.383489036063818,0.23729070057274024,False
4-omp,4,1152,5,0,17.9255,17.9433,18.2659,1.9,500,H100,03,0.035886600000000005,0.0992744,2.7663361811929796,0.6915840452982449,0.05156228117270544,1.4368115444958685,0.23743405739399415,False
4-omp,4,1280,5,0,22.0189,22.5227,22.6217,2.7,500,H100,03,0.0450454,0.131375,2.916502017964098,0.7291255044910245,0.06405041781978771,1.421908070963688,0.25275485274353776,False
4-omp-stream,4,512,5,0,1.2389,1.2505,1.2861,3.8,501,H100,03,0.002496007984031936,0.006913972055888224,2.7700119952019193,0.6925029988004798,0.004086564537712396,1.6372401706468698,0.1804340130970876,False
4-omp-stream,4,640,5,0,1.513,1.5165,1.5256,0.8,500,H100,03,0.003033,0.0123044,4.056841411144082,1.0142103527860205,0.005080473231360284,1.6750653581801132,0.23470586440471103,False
4-omp-stream,4,768,5,0,3.3313,3.4264,3.4605,3.8,501,H100,03,0.006839121756487026,0.02739061876247505,4.00499066075181,1.0012476651879525,0.01143754526736877,1.6723704701586954,0.22772278875339477,False
4-omp-stream,4,896,5,0,4.7539,4.779,4.839,1.8,501,H100,03,0.009538922155688622,0.04312255489021956,4.5206947060054405,1.1301736765013601,0.01635587315058926,1.7146458356236074,0.2476606070048896,False
4-omp-stream,4,1024,5,0,8.0327,8.0646,8.1065,0.9,501,H100,03,0.016097005988023952,0.06822375249500999,4.238288321801454,1.0595720804503634,0.027244450185249337,1.69251662113557,0.23693894630896345,False
4-omp-stream,4,1152,5,0,11.7173,11.7362,11.7458,0.2,500,H100,03,0.0234724,0.0992744,4.229409860091001,1.0573524650227502,0.039355387199349126,1.676666518947748,0.23677371387776996,False
4-omp-stream,4,1280,5,0,14.6186,14.6223,14.6569,0.3,500,H100,03,0.0292446,0.131375,4.492282335884232,1.123070583971058,0.04889357870096748,1.6718839957109168,0.2521907457982226,False
4-omp-stream-omp,4,512,5,0,1.2091,1.2177,1.2427,2.8,501,H100,03,0.0024305389221556885,0.006913972055888224,2.844625112917796,0.711156278229449,0.0024912463352778614,1.0249769351845353,0.6723057184750733,True
4-omp-stream-omp,4,640,5,0,1.4795,1.4953,1.5153,2.4,500,H100,03,0.0029906,0.0123044,4.1143583227446,1.02858958068615,0.0031036289528384056,1.037794741135025,0.9388484811441843,True
4-omp-stream-omp,4,768,5,0,3.3752,3.4109,3.4255,1.5,501,H100,03,0.00680818363273453,0.02739061876247505,4.02319036031546,1.005797590078865,0.0072233713944072015,1.0609836314749796,0.9114662203448367,True
4-omp-stream-omp,4,896,5,0,4.7755,4.8487,4.9102,2.8,501,H100,03,0.009678043912175648,0.04312255489021956,4.455709777878607,1.1139274444696516,0.010331839733035555,1.0675545416814431,0.9893425054043162,True
4-omp-stream-omp,4,1024,5,0,8.0756,8.0857,8.1283,0.7,501,H100,03,0.016139121756487025,0.06822375249500999,4.227228316657804,1.056807079164451,0.017203091198538085,1.0659248661794998,0.96980198019802,True
4-omp-stream-omp,4,1152,5,0,11.7063,11.7318,11.755,0.4,500,H100,03,0.0234636,0.0992744,4.230996096080737,1.0577490240201843,0.024896575072765808,1.0610722597029358,0.9650437972656827,True
4-omp-stream-omp,4,1280,5,0,14.5867,14.6124,14.6679,0.6,500,H100,03,0.0292248,0.131375,4.49532588760231,1.1238314719005775,0.031107235451535053,1.0644122612142788,0.9965119189138459,True
4-omp-stream-omp-p2p,4,512,5,0,0.9251,0.9305,0.9338,0.9,501,H100,03,0.0018572854291417165,0.006913972055888224,3.7226222461042453,0.9306555615260613,0.0019012703757640655,1.0236823839417484,0.9306555615260613,True
4-omp-stream-omp-p2p,4,640,5,0,1.1307,1.1371,1.1483,1.6,500,H100,03,0.0022742,0.0123044,5.410430041333216,1.352607510333304,0.0023883939013886204,1.0502127787303757,1.240150169546262,True
4-omp-stream-omp-p2p,4,768,5,0,3.0809,3.1062,3.1266,1.5,501,H100,03,0.0062,0.02739061876247505,4.417841735883073,1.1044604339707682,0.006405331255564853,1.0331179444459442,1.0271083435619555,True
4-omp-stream-omp-p2p,4,896,5,0,4.5966,4.6106,4.6258,0.6,501,H100,03,0.009202794411177644,0.04312255489021956,4.685810957359129,1.1714527393397822,0.009406697384530548,1.0221566368042783,1.1113586319017141,True
4-omp-stream-omp-p2p,4,1024,5,0,7.9329,7.9395,7.9887,0.7,501,H100,03,0.015847305389221557,0.06822375249500999,4.305069588765036,1.076267397191259,0.016261120627898373,1.0261126562852931,1.045351220982816,True
4-omp-stream-omp-p2p,4,1152,5,0,11.7612,11.7661,11.797,0.3,500,H100,03,0.0235322,0.0992744,4.218662088542508,1.054665522135627,0.02402550310063863,1.0209628976737675,1.0065052974602993,True
4-omp-stream-omp-p2p,4,1280,5,0,14.6666,14.6742,14.709,0.3,500,H100,03,0.0293484,0.131375,4.476393943111038,1.1190984857777595,0.030021029762900858,1.0229187881758752,1.0316177756475444,True
1-omp,1,512,5,0,3.3899,3.4787,3.5211,3.8,501,Intel-1550,01,0.006943512974051896,0.006943512974051896,1.0,1.0,0.006924071276745843,0.9972000200217516,1.0,True
1-omp,1,640,5,0,6.3139,6.5958,6.7943,7.3,500,Intel-1550,01,0.0131916,0.0131916,1.0,1.0,0.01323489831745732,1.0032822642785804,1.0,True
1-omp,1,768,5,0,10.8224,10.9848,11.1874,3.3,501,Intel-1550,01,0.021925748502994013,0.021925748502994013,1.0,1.0,0.021833632615449843,0.9957987346460901,1.0,True
1-omp,1,896,5,0,16.4769,16.8264,17.0856,3.6,501,Intel-1550,01,0.03358562874251497,0.03358562874251497,1.0,1.0,0.0337392442923617,1.0045738476723012,1.0,True
1-omp,1,1024,5,0,23.1391,24.571,25.1118,8.0,501,Intel-1550,01,0.049043912175648706,0.049043912175648706,1.0,1.0,0.04919215616227968,1.0030226786578533,1.0,True
1-omp,1,1152,5,0,35.5018,35.7863,36.1565,1.8,500,Intel-1550,01,0.0715726,0.0715726,1.0,1.0,0.07163154760898398,1.0008236058070263,1.0,True
1-omp,1,1280,5,0,48.5559,48.9973,50.1871,3.3,500,Intel-1550,01,0.0979946,0.0979946,1.0,1.0,0.09772364747109387,0.9972350259207534,1.0,True
2-omp,2,512,5,0,4.0502,4.0579,4.5046,11.2,501,Intel-1550,01,0.008099600798403194,0.006943512974051896,0.8572660735848591,0.42863303679242953,0.0065187223754652685,0.8048202050587987,0.42863303679242953,False
2-omp,2,640,5,0,6.4138,6.617,6.9149,7.6,500,Intel-1550,01,0.013234,0.0131916,0.9967961311772707,0.49839806558863536,0.010247630593383635,0.7743411359667247,0.49839806558863536,False
2-omp,2,768,5,0,10.654,10.737,11.7865,10.5,501,Intel-1550,01,0.021431137724550898,0.021925748502994013,1.0230790723665828,0.5115395361832914,0.016744577409690476,0.7813200411898042,0.5115395361832914,False
2-omp,2,896,5,0,14.9301,15.2032,16.0673,7.5,501,Intel-1550,01,0.030345708582834332,0.03358562874251497,1.106766996421806,0.553383498210903,0.023832364524192778,0.7853619387116253,0.553383498210903,False
2-omp,2,1024,5,0,20.0849,20.667,22.2759,10.6,501,Intel-1550,01,0.04125149700598803,0.049043912175648706,1.1889001790293705,0.5944500895146853,0.0331500171102447,0.8036076146626309,0.5944500895146853,False
2-omp,2,1152,5,0,29.5272,30.1921,30.9236,4.6,500,Intel-1550,01,0.0603842,0.0715726,1.1852868796804463,0.5926434398402232,0.04805167445407366,0.7957656879460797,0.5926434398402232,False
2-omp,2,1280,5,0,40.1662,40.5336,41.4282,3.1,500,Intel-1550,01,0.0810672,0.0979946,1.2088070144275367,0.6044035072137683,0.063222125214707,0.779873058582349,0.6044035072137683,True
2-omp-stream,2,512,5,0,3.7204,4.0716,4.4574,18.1,501,Intel-1550,01,0.008126946107784432,0.006943512974051896,0.8543815698988112,0.4271907849494056,0.006383324073122208,0.7854517537661425,0.4271907849494056,False
2-omp-stream,2,640,5,0,6.3901,6.5899,7.0281,9.7,500,Intel-1550,01,0.0131798,0.0131916,1.0008953094887632,0.5004476547443816,0.01074038000496833,0.8149122145228554,0.5004476547443816,False
2-omp-stream,2,768,5,0,10.4987,10.7108,11.7318,11.5,501,Intel-1550,01,0.021378842315369264,0.021925748502994013,1.025581655898719,0.5127908279493595,0.017473724817991382,0.8173372795508909,0.5127908279493595,False
2-omp-stream,2,896,5,0,15.156,15.3068,16.4147,8.2,501,Intel-1550,01,0.03055249500998004,0.03358562874251497,1.0992761387095933,0.5496380693547966,0.025355482775339683,0.8298989253433233,0.5496380693547966,False
2-omp-stream,2,1024,5,0,20.1114,20.9308,22.0844,9.4,501,Intel-1550,01,0.04177804391217565,0.049043912175648706,1.1739159516119786,0.5869579758059893,0.03499870392132461,0.8377295977499012,0.5869579758059893,False
2-omp-stream,2,1152,5,0,29.432,30.0918,30.9049,4.9,500,Intel-1550,01,0.0601836,0.0715726,1.1892375996118545,0.5946187998059272,0.05032831322869484,0.8362463067795021,0.5946187998059272,False
2-omp-stream,2,1280,5,0,40.1603,40.3143,41.2483,2.7,500,Intel-1550,01,0.08062860000000001,0.0979946,1.2153826309770974,0.6076913154885487,0.0665399158349351,0.8252644326570856,0.6076913154885487,True
2-omp-stream-omp,2,512,5,0,2.464,2.6115,2.6751,8.1,501,Intel-1550,01,0.005212574850299401,0.006943512974051896,1.3320696917480375,0.6660348458740187,0.005219633382743079,1.0013541354601885,0.6325268027610516,True
2-omp-stream-omp,2,640,5,0,3.8904,4.0662,4.1266,5.8,500,Intel-1550,01,0.0081324,0.0131916,1.6221041758890364,0.8110520879445182,0.00871721460967763,1.0719116877769945,0.6665731687770475,True
2-omp-stream-omp,2,768,5,0,6.5808,6.7778,6.9435,5.4,501,Intel-1550,01,0.013528542914171656,0.021925748502994013,1.6207028829413674,0.8103514414706837,0.014367836784987768,1.0620387484550846,0.6755671165522293,True
2-omp-stream-omp,2,896,5,0,9.8647,9.9841,10.0758,2.1,501,Intel-1550,01,0.019928343313373252,0.03358562874251497,1.6853196582566283,0.8426598291283142,0.02143499122440204,1.0756032695411126,0.6786216483331058,True
2-omp-stream-omp,2,1024,5,0,13.6684,14.0832,14.5856,6.5,501,Intel-1550,01,0.028110179640718564,0.049043912175648706,1.7447029084299024,0.8723514542149512,0.03051170822751975,1.0854327015158056,0.6857348783057049,True
2-omp-stream-omp,2,1152,5,0,20.407,20.9213,21.1939,3.8,500,Intel-1550,01,0.0418426,0.0715726,1.7105199007709846,0.8552599503854923,0.04459987057439696,1.065896253444981,0.6760579655237735,True
2-omp-stream-omp,2,1280,5,0,27.1665,27.2343,27.5845,1.5,500,Intel-1550,01,0.0544686,0.0979946,1.7991026022332133,0.8995513011166066,0.05919758216505399,1.0868203362130473,0.6822035199374729,True
2-omp-stream-omp-p2p,2,512,5,0,1.9254,1.9503,1.9783,2.7,501,Intel-1550,01,0.003892814371257485,0.006943512974051896,1.7836743065169463,0.8918371532584731,0.004157273224604686,1.0679351307629328,0.724057495902156,True
2-omp-stream-omp-p2p,2,640,5,0,3.4444,3.5731,3.6904,6.9,500,Intel-1550,01,0.0071462,0.0131916,1.8459600906775628,0.9229800453387814,0.007880379776175955,1.1027370877075866,0.6986853710781638,True
2-omp-stream-omp-p2p,2,768,5,0,5.8088,5.8278,5.875,1.1,501,Intel-1550,01,0.011632335329341317,0.021925748502994013,1.8848965304231444,0.9424482652115722,0.01283496991402789,1.10338720047496,0.7061766690893988,True
2-omp-stream-omp-p2p,2,896,5,0,8.8257,8.9243,8.9815,1.7,501,Intel-1550,01,0.01781297405189621,0.03358562874251497,1.8854588034915905,0.9427294017457952,0.019773048811942657,1.110036356328594,0.6956820784013312,True
2-omp-stream-omp-p2p,2,1024,5,0,12.2206,12.8745,13.433,9.4,501,Intel-1550,01,0.02569760479041916,0.049043912175648706,1.9085013010213991,0.9542506505106996,0.028652343799128552,1.1149811055468877,0.6943034848212681,True
2-omp-stream-omp-p2p,2,1152,5,0,18.7533,19.218,19.3616,3.2,500,Intel-1550,01,0.038436,0.0715726,1.8621240503694454,0.9310620251847227,0.042170858629890624,1.0971708458187799,0.6816308366947805,True
2-omp-stream-omp-p2p,2,1280,5,0,25.1062,25.4321,25.7348,2.5,500,Intel-1550,01,0.0508642,0.0979946,1.9265927705537491,0.9632963852768746,0.05664340446811556,1.1136202765032295,0.6921321076390659,True
4-omp,4,512,5,0,7.2572,7.6537,7.9906,9.6,501,Intel-1550,01,0.015276846307385229,0.006943512974051896,0.4545121967153142,0.11362804917882854,0.012544192601900683,0.8211244879668974,0.11362804917882854,False
4-omp,4,640,5,0,9.7726,10.3299,10.9026,10.9,500,Intel-1550,01,0.0206598,0.0131916,0.6385153776900067,0.15962884442250166,0.016085053000039436,0.7785677015285452,0.15962884442250166,False
4-omp,4,768,5,0,16.0055,16.7286,17.2345,7.3,501,Intel-1550,01,0.03339041916167665,0.021925748502994013,0.6566478964169147,0.16416197410422867,0.02574941519645065,0.7711617836173843,0.16416197410422867,False
4-omp,4,896,5,0,20.5455,21.823,22.1821,7.5,501,Intel-1550,01,0.043558882235528944,0.03358562874251497,0.7710397287265729,0.19275993218164322,0.03223649655547753,0.7400671206660057,0.19275993218164322,False
4-omp,4,1024,5,0,27.0022,28.5619,29.6704,9.3,501,Intel-1550,01,0.05700978043912176,0.049043912175648706,0.8602719006788764,0.2150679751697191,0.03895781676211272,0.6833532152209226,0.2150679751697191,False
4-omp,4,1152,5,0,35.5219,36.7217,37.5459,5.5,500,Intel-1550,01,0.07344339999999999,0.0715726,0.9745273230814478,0.24363183077036196,0.0488300205099111,0.664866012601692,0.24363183077036196,False
4-omp,4,1280,5,0,45.4584,47.0661,49.3246,8.2,500,Intel-1550,01,0.0941322,0.0979946,1.0410316554802714,0.26025791387006786,0.06054643787630544,0.6432064466389338,0.26025791387006786,False
4-omp-stream,4,512,5,0,7.5142,7.755,7.9305,5.4,501,Intel-1550,01,0.015479041916167665,0.006943512974051896,0.44857511283043194,0.11214377820760799,0.009436955503919264,0.6096601814911091,0.11214377820760799,False
4-omp-stream,4,640,5,0,9.6764,10.6417,10.9297,11.8,500,Intel-1550,01,0.0212834,0.0131916,0.6198069857259648,0.1549517464314912,0.011973352413038459,0.5625676542769698,0.1549517464314912,False
4-omp-stream,4,768,5,0,15.9255,16.6799,17.5971,10.0,501,Intel-1550,01,0.033293213572854294,0.021925748502994013,0.6585650993111469,0.16464127482778673,0.019335321590380625,0.580758644642995,0.16464127482778673,False
4-omp-stream,4,896,5,0,20.0226,21.5469,22.1295,9.8,501,Intel-1550,01,0.04300778443113772,0.03358562874251497,0.78091976107932,0.19522994026983,0.02485647526288417,0.577952935536201,0.19522994026983,False
4-omp-stream,4,1024,5,0,26.852,27.7643,28.728,6.8,501,Intel-1550,01,0.05541776447105788,0.049043912175648706,0.8849853949136122,0.22124634872840304,0.031593678297955965,0.5701001943962549,0.22124634872840304,False
4-omp-stream,4,1152,5,0,35.6777,36.8578,37.7482,5.6,500,Intel-1550,01,0.07371559999999999,0.0715726,0.9709288128971345,0.24273220322428363,0.041117798059063994,0.5577896409859514,0.24273220322428363,False
4-omp-stream,4,1280,5,0,45.4116,47.8399,49.4278,8.4,500,Intel-1550,01,0.0956798,0.0979946,1.0241931943837677,0.2560482985959419,0.05275739323256978,0.5513953126215752,0.2560482985959419,False
4-omp-stream-omp,4,512,5,0,3.2496,3.48,3.6591,11.8,501,Intel-1550,01,0.006946107784431138,0.006943512974051896,0.9996264367816091,0.24990660919540228,0.0064589327320467085,0.9298635915963795,0.24990660919540228,False
4-omp-stream-omp,4,640,5,0,4.3343,4.5034,4.6092,6.1,500,Intel-1550,01,0.0090068,0.0131916,1.464626726473331,0.36615668161833276,0.008410800678751421,0.9338278499302105,0.36615668161833276,False
4-omp-stream-omp,4,768,5,0,7.5744,7.8716,8.4392,11.0,501,Intel-1550,01,0.015711776447105787,0.021925748502994013,1.3954977387062353,0.3488744346765588,0.014475670433896722,0.9213261455590044,0.3488744346765588,False
4-omp-stream-omp,4,896,5,0,8.251,9.6494,10.0511,18.7,501,Intel-1550,01,0.019260279441117766,0.03358562874251497,1.7437768151387651,0.4359442037846913,0.017489073517878248,0.9080384098966777,0.4359442037846913,False
4-omp-stream-omp,4,1024,5,0,10.4182,11.4745,11.8138,12.2,501,Intel-1550,01,0.02290319361277445,0.049043912175648706,2.141356921870234,0.5353392304675585,0.021802947370933284,0.9519610120560874,0.5232418437796128,False
4-omp-stream-omp,4,1152,5,0,13.6949,13.8483,14.5478,6.2,500,Intel-1550,01,0.027696600000000002,0.0715726,2.5841655654484663,0.6460413913621166,0.02774627448892444,1.0017935229928743,0.5608319190395374,False
4-omp-stream-omp,4,1280,5,0,17.2017,17.4242,17.5113,1.8,500,Intel-1550,01,0.034848399999999995,0.0979946,2.8120258031932606,0.7030064507983151,0.03559770075779594,1.021501726271391,0.5853375805331353,False
4-omp-stream-omp-p2p,4,512,5,0,1.704,1.8168,1.8235,6.6,501,Intel-1550,01,0.0036263473053892215,0.006943512974051896,1.914740202553941,0.47868505063848527,0.0036109785134445693,0.995761908430058,0.43470855412566234,False
4-omp-stream-omp-p2p,4,640,5,0,2.4795,2.5084,2.5618,3.3,500,Intel-1550,01,0.0050168,0.0131916,2.6294849306330725,0.6573712326582681,0.005404878668024021,1.0773558180561356,0.507985464317342,False
4-omp-stream-omp-p2p,4,768,5,0,3.6206,3.6764,3.7031,2.2,501,Intel-1550,01,0.00733812375249501,0.021925748502994013,2.987922968120988,0.746980742030247,0.007870105116130982,1.0724955563000822,0.5812235610819125,False
4-omp-stream-omp-p2p,4,896,5,0,5.1843,5.2206,5.2502,1.3,501,Intel-1550,01,0.010420359281437126,0.03358562874251497,3.223077807148604,0.805769451787151,0.011491365918548518,1.1027802025040814,0.5986426141196485,False
4-omp-stream-omp-p2p,4,1024,5,0,6.9589,7.2633,7.5232,7.8,501,Intel-1550,01,0.014497604790419161,0.049043912175648706,3.3828975809893578,0.8457243952473394,0.016116861965682912,1.111691358584547,0.614057907697196,True
4-omp-stream-omp-p2p,4,1152,5,0,10.2516,10.4831,10.5898,3.2,500,Intel-1550,01,0.0209662,0.0715726,3.4137135007774417,0.8534283751943604,0.022791686581218783,1.087068070571624,0.6379980407299354,True
4-omp-stream-omp-p2p,4,1280,5,0,13.7246,13.8195,13.9195,1.4,500,Intel-1550,01,0.027639,0.0979946,3.5455190129888927,0.8863797532472232,0.030390873561091374,1.0995648743113489,0.647523262468471,True
1-omp,1,512,5,0,3.4326,3.4455,3.502,2.0,501,Intel-1550,02,0.006877245508982036,0.006877245508982036,1.0,1.0,0.006924071276745843,1.0068087968798918,1.0,True
1-omp,1,640,5,0,6.5507,6.654,6.7412,2.9,500,Intel-1550,02,0.013308,0.013308,1.0,1.0,0.01323489831745732,0.9945069369895791,1.0,True
1-omp,1,768,5,0,10.788,10.8819,10.9332,1.3,501,Intel-1550,02,0.021720359281437125,0.021720359281437125,1.0,1.0,0.021833632615449843,1.0052150764425671,1.0,True
1-omp,1,896,5,0,16.5982,16.8913,17.1389,3.2,501,Intel-1550,02,0.03371516966067865,0.03371516966067865,1.0,1.0,0.0337392442923617,1.000714059336653,1.0,True
1-omp,1,1024,5,0,24.6286,24.7372,25.3232,2.8,501,Intel-1550,02,0.04937564870259481,0.04937564870259481,1.0,1.0,0.04919215616227968,0.9962837442112332,1.0,True
1-omp,1,1152,5,0,35.4474,35.6891,36.0582,1.7,500,Intel-1550,02,0.0713782,0.0713782,1.0,1.0,0.07163154760898398,1.0035493695411761,1.0,True
1-omp,1,1280,5,0,48.5295,48.8792,50.9786,5.0,500,Intel-1550,02,0.0977584,0.0977584,1.0,1.0,0.09772364747109387,0.9996445059564587,1.0,True
2-omp,2,512,5,0,2.5813,2.8432,3.0787,17.5,501,Intel-1550,02,0.0056750499001996,0.006877245508982036,1.211838773213281,0.6059193866066405,0.0065187223754652685,1.1486634461550718,0.42863303679242953,False
2-omp,2,640,5,0,4.4569,4.4976,4.5664,2.4,500,Intel-1550,02,0.0089952,0.013308,1.4794557097118464,0.7397278548559232,0.010247630593383635,1.1392332125337552,0.49839806558863536,False
2-omp,2,768,5,0,7.1927,7.35,7.4707,3.8,501,Intel-1550,02,0.01467065868263473,0.021720359281437125,1.480530612244898,0.740265306122449,0.016744577409690476,1.1413650724156366,0.5115395361832914,False
2-omp,2,896,5,0,10.476,10.5555,10.6308,1.5,501,Intel-1550,02,0.0210688622754491,0.03371516966067865,1.6002368433518073,0.8001184216759036,0.023832364524192778,1.131165233917918,0.553383498210903,False
2-omp,2,1024,5,0,14.5931,14.9288,15.2189,4.2,501,Intel-1550,02,0.02979800399201597,0.04937564870259481,1.657011950056267,0.8285059750281335,0.0331500171102447,1.1124911963608992,0.5944500895146853,False
2-omp,2,1152,5,0,20.9523,21.6223,21.9226,4.5,500,Intel-1550,02,0.0432446,0.0713782,1.6505690883948516,0.8252845441974258,0.04805167445407366,1.1111601091020304,0.5926434398402232,False
2-omp,2,1280,5,0,27.5222,28.0633,28.7241,4.3,500,Intel-1550,02,0.056126600000000006,0.0977584,1.7417481194300026,0.8708740597150013,0.063222125214707,1.1264200078876505,0.6044035072137683,True
2-omp-stream,2,512,5,0,2.9668,3.256,3.3997,13.3,501,Intel-1550,02,0.0064990019960079835,0.006877245508982036,1.0582002457002457,0.5291001228501229,0.006383324073122208,0.9822006635854504,0.4271907849494056,False
2-omp-stream,2,640,5,0,5.1011,5.739,6.0495,16.5,500,Intel-1550,02,0.011478,0.013308,1.1594354417145845,0.5797177208572922,0.01074038000496833,0.935736191406894,0.5004476547443816,False
2-omp-stream,2,768,5,0,8.6538,9.191,9.2414,6.4,501,Intel-1550,02,0.018345309381237525,0.021720359281437125,1.183973452290284,0.591986726145142,0.017473724817991382,0.9524900591680647,0.5127908279493595,False
2-omp-stream,2,896,5,0,13.0564,13.4823,14.0558,7.4,501,Intel-1550,02,0.026910778443113775,0.03371516966067865,1.2528500330062378,0.6264250165031189,0.025355482775339683,0.9422054746182165,0.5496380693547966,False
2-omp-stream,2,1024,5,0,17.9979,18.3567,18.6623,3.6,501,Intel-1550,02,0.03664011976047904,0.04937564870259481,1.3475842607876145,0.6737921303938073,0.03499870392132461,0.9552016792007078,0.5869579758059893,False
2-omp-stream,2,1152,5,0,25.5696,26.4614,27.0995,5.8,500,Intel-1550,02,0.0529228,0.0713782,1.3487230456438435,0.6743615228219217,0.05032831322869484,0.9509760108817908,0.5946187998059272,False
2-omp-stream,2,1280,5,0,33.1879,34.4525,35.5805,6.9,500,Intel-1550,02,0.06890500000000001,0.0977584,1.4187417458820113,0.7093708729410056,0.0665399158349351,0.9656761604373426,0.6076913154885487,True
2-omp-stream-omp,2,512,5,0,2.5989,2.7236,2.7791,6.6,501,Intel-1550,02,0.005436327345309381,0.006877245508982036,1.265053605522103,0.6325268027610516,0.005219633382743079,0.9601396404590551,0.6325268027610516,True
2-omp-stream-omp,2,640,5,0,4.8995,4.9912,5.2317,6.7,500,Intel-1550,02,0.0099824,0.013308,1.333146337554095,0.6665731687770475,0.00871721460967763,0.8732583957442729,0.6665731687770475,True
2-omp-stream-omp,2,768,5,0,7.8849,8.0539,8.2121,4.1,501,Intel-1550,02,0.01607564870259481,0.021720359281437125,1.3511342331044587,0.6755671165522293,0.014367836784987768,0.8937640434173346,0.6755671165522293,True
2-omp-stream-omp,2,896,5,0,12.2964,12.4453,12.7781,3.9,501,Intel-1550,02,0.024840918163672655,0.03371516966067865,1.3572432966662116,0.6786216483331058,0.02143499122440204,0.8628904569134871,0.6786216483331058,True
2-omp-stream-omp,2,1024,5,0,17.9174,18.037,18.0542,0.8,501,Intel-1550,02,0.03600199600798403,0.04937564870259481,1.3714697566114098,0.6857348783057049,0.03051170822751975,0.8475004613842322,0.6857348783057049,True
2-omp-stream-omp,2,1152,5,0,26.008,26.395,27.3435,5.1,500,Intel-1550,02,0.05279,0.0713782,1.352115931047547,0.6760579655237735,0.04459987057439696,0.8448545287819088,0.6760579655237735,True
2-omp-stream-omp,2,1280,5,0,35.3841,35.8245,36.244,2.4,500,Intel-1550,02,0.071649,0.0977584,1.3644070398749457,0.6822035199374729,0.05919758216505399,0.8262164463572972,0.6822035199374729,True
2-omp-stream-omp-p2p,2,512,5,0,2.289,2.3793,2.616,13.7,501,Intel-1550,02,0.004749101796407186,0.006877245508982036,1.448114991804312,0.724057495902156,0.004157273224604686,0.8753809462980487,0.724057495902156,True
2-omp-stream-omp-p2p,2,640,5,0,4.7302,4.7618,5.0364,6.4,500,Intel-1550,02,0.0095236,0.013308,1.3973707421563275,0.6986853710781638,0.007880379776175955,0.8274580805762479,0.6986853710781638,True
2-omp-stream-omp-p2p,2,768,5,0,7.6494,7.7048,7.9887,4.4,501,Intel-1550,02,0.01537884231536926,0.021720359281437125,1.4123533381787976,0.7061766690893988,0.01283496991402789,0.8345862224753365,0.7061766690893988,True
2-omp-stream-omp-p2p,2,896,5,0,11.7603,12.1401,12.3034,4.5,501,Intel-1550,02,0.02423173652694611,0.03371516966067865,1.3913641568026625,0.6956820784013312,0.019773048811942657,0.815998011118794,0.6956820784013312,True
2-omp-stream-omp-p2p,2,1024,5,0,16.9684,17.8144,18.0028,5.8,501,Intel-1550,02,0.03555768463073852,0.04937564870259481,1.3886069696425363,0.6943034848212681,0.028652343799128552,0.8057989179182798,0.6943034848212681,True
2-omp-stream-omp-p2p,2,1152,5,0,24.7047,26.1792,26.8064,8.0,500,Intel-1550,02,0.052358400000000006,0.0713782,1.363261673389561,0.6816308366947805,0.042170858629890624,0.8054268012370626,0.6816308366947805,True
2-omp-stream-omp-p2p,2,1280,5,0,34.7129,35.3106,37.1206,6.8,500,Intel-1550,02,0.0706212,0.0977584,1.3842642152781317,0.6921321076390659,0.05664340446811556,0.8020736615650197,0.6921321076390659,True
4-omp,4,512,5,0,5.5397,6.041,6.1642,10.3,501,Intel-1550,02,0.012057884231536926,0.006877245508982036,0.5703525906306902,0.14258814765767255,0.012544192601900683,1.0403311527151535,0.11362804917882854,False
4-omp,4,640,5,0,7.6932,7.9737,8.1759,6.1,500,Intel-1550,02,0.0159474,0.013308,0.8344933970427781,0.20862334926069454,0.016085053000039436,1.0086316891806462,0.15962884442250166,False
4-omp,4,768,5,0,10.3645,12.429,12.6917,18.7,501,Intel-1550,02,0.024808383233532936,0.021720359281437125,0.8755249818971759,0.21888124547429397,0.02574941519645065,1.037932014918479,0.16416197410422867,False
4-omp,4,896,5,0,14.8574,15.6628,16.0938,7.9,501,Intel-1550,02,0.03126307385229541,0.03371516966067865,1.0784342518579055,0.2696085629644764,0.03223649655547753,1.031136500133708,0.19275993218164322,False
4-omp,4,1024,5,0,18.0998,18.3263,19.1242,5.6,501,Intel-1550,02,0.03657944111776447,0.04937564870259481,1.3498196580870117,0.3374549145217529,0.03895781676211272,1.0650194637116315,0.2150679751697191,False
4-omp,4,1152,5,0,22.498,23.3313,24.4165,8.2,500,Intel-1550,02,0.0466626,0.0713782,1.52966615662222,0.382416539155555,0.0488300205099111,1.0464487728911613,0.24363183077036196,False
4-omp,4,1280,5,0,28.0728,28.7869,30.0196,6.8,500,Intel-1550,02,0.0575738,0.0977584,1.6979667835022179,0.42449169587555446,0.06054643787630544,1.051631781753253,0.26025791387006786,False
4-omp-stream,4,512,5,0,3.2265,3.9192,4.0114,20.0,501,Intel-1550,02,0.007822754491017964,0.006877245508982036,0.8791334966319657,0.21978337415799143,0.009436955503919264,1.206346883921094,0.11214377820760799,False
4-omp-stream,4,640,5,0,4.8945,5.1468,5.6044,13.8,500,Intel-1550,02,0.0102936,0.013308,1.292842154348333,0.32321053858708326,0.011973352413038459,1.163184154526935,0.1549517464314912,False
4-omp-stream,4,768,5,0,7.9404,8.17,8.4036,5.7,501,Intel-1550,02,0.016307385229540918,0.021720359281437125,1.3319339045287637,0.3329834761321909,0.019335321590380625,1.1856788392632427,0.16464127482778673,False
4-omp-stream,4,896,5,0,10.3657,10.9866,11.5885,11.1,501,Intel-1550,02,0.021929341317365268,0.03371516966067865,1.537445615568056,0.384361403892014,0.02485647526288417,1.1334802492768437,0.19522994026983,False
4-omp-stream,4,1024,5,0,13.2589,14.2428,14.8702,11.3,501,Intel-1550,02,0.028428742514970063,0.04937564870259481,1.7368214115202065,0.43420535288005163,0.031593678297955965,1.1113287294124707,0.22124634872840304,False
4-omp-stream,4,1152,5,0,17.4604,18.0326,18.0656,3.4,500,Intel-1550,02,0.0360652,0.0713782,1.9791433293035947,0.4947858323258987,0.041117798059063994,1.1400962162711976,0.24273220322428363,False
4-omp-stream,4,1280,5,0,22.802,22.8663,22.967,0.7,500,Intel-1550,02,0.0457326,0.0977584,2.1376086205463936,0.5344021551365984,0.05275739323256978,1.153605813633377,0.2560482985959419,False
4-omp-stream-omp,4,512,5,0,3.0056,3.1855,3.477,14.8,501,Intel-1550,02,0.006358283433133733,0.006877245508982036,1.0816198398995447,0.27040495997488617,0.0064589327320467085,1.015829633889625,0.24990660919540228,False
4-omp-stream-omp,4,640,5,0,4.1381,4.428,4.6519,11.6,500,Intel-1550,02,0.008856,0.013308,1.5027100271002711,0.3756775067750678,0.008410800678751421,0.9497290739330874,0.36615668161833276,False
4-omp-stream-omp,4,768,5,0,6.8166,7.1908,7.6269,11.3,501,Intel-1550,02,0.014352894211576848,0.021720359281437125,1.5133086721922455,0.3783271680480614,0.014475670433896722,1.0085541090535486,0.3488744346765588,False
4-omp-stream-omp,4,896,5,0,8.3017,8.9716,9.7888,16.6,501,Intel-1550,02,0.01790738522954092,0.03371516966067865,1.88275224040305,0.4706880601007625,0.017489073517878248,0.9766402684534533,0.4359442037846913,False
4-omp-stream-omp,4,1024,5,0,11.2539,11.8192,12.268,8.6,501,Intel-1550,02,0.02359121756487026,0.04937564870259481,2.092967375118451,0.5232418437796128,0.021802947370933284,0.9241976303673324,0.5232418437796128,False
4-omp-stream-omp,4,1152,5,0,15.371,15.909,16.0643,4.4,500,Intel-1550,02,0.031818,0.0713782,2.2433276761581498,0.5608319190395374,0.02774627448892444,0.8720307526847835,0.5608319190395374,False
4-omp-stream-omp,4,1280,5,0,20.6056,20.8765,21.0816,2.3,500,Intel-1550,02,0.041753,0.0977584,2.3413503221325414,0.5853375805331353,0.03559770075779594,0.8525782759992322,0.5853375805331353,False
4-omp-stream-omp-p2p,4,512,5,0,1.9176,1.9815,2.0158,5.0,501,Intel-1550,02,0.0039550898203592815,0.006877245508982036,1.7388342165026494,0.43470855412566234,0.0036109785134445693,0.9129953243682711,0.43470855412566234,False
4-omp-stream-omp-p2p,4,640,5,0,3.0816,3.2747,3.349,8.2,500,Intel-1550,02,0.0065494,0.013308,2.031941857269368,0.507985464317342,0.005404878668024021,0.8252479109573427,0.507985464317342,False
4-omp-stream-omp-p2p,4,768,5,0,4.604,4.6806,4.8641,5.6,501,Intel-1550,02,0.009342514970059881,0.021720359281437125,2.32489424432765,0.5812235610819125,0.007870105116130982,0.8423968429649237,0.5812235610819125,False
4-omp-stream-omp-p2p,4,896,5,0,6.8445,7.054,7.5989,10.7,501,Intel-1550,02,0.014079840319361278,0.03371516966067865,2.394570456478594,0.5986426141196485,0.011491365918548518,0.8161574036281269,0.5986426141196485,False
4-omp-stream-omp-p2p,4,1024,5,0,9.4845,10.0712,10.3506,8.6,501,Intel-1550,02,0.020102195608782434,0.04937564870259481,2.456231630788784,0.614057907697196,0.016116861965682912,0.8017463504654003,0.614057907697196,True
4-omp-stream-omp-p2p,4,1152,5,0,13.6868,13.9848,14.1561,3.4,500,Intel-1550,02,0.0279696,0.0713782,2.5519921629197415,0.6379980407299354,0.022791686581218783,0.8148735263006543,0.6379980407299354,True
4-omp-stream-omp-p2p,4,1280,5,0,18.7141,18.8716,18.9819,1.4,500,Intel-1550,02,0.037743200000000005,0.0977584,2.590093049873884,0.647523262468471,0.030390873561091374,0.80520129615643,0.647523262468471,True
1-omp,1,512,5,0,3.4189,3.4828,3.6127,5.6,501,Intel-1550,03,0.006951696606786428,0.006951696606786428,1.0,1.0,0.006924071276745843,0.9960261024605682,1.0,True
1-omp,1,640,5,0,6.3146,6.6027,6.7778,7.0,500,Intel-1550,03,0.013205399999999999,0.013205399999999999,1.0,1.0,0.01323489831745732,1.0022338071892802,1.0,True
1-omp,1,768,5,0,10.8486,10.9495,10.9779,1.2,501,Intel-1550,03,0.021855289421157685,0.021855289421157685,1.0,1.0,0.021833632615449843,0.9990090817243135,1.0,True
1-omp,1,896,5,0,16.7808,16.9928,17.2838,3.0,501,Intel-1550,03,0.03391776447105788,0.03391776447105788,1.0,1.0,0.0337392442923617,0.9947366761494993,1.0,True
1-omp,1,1024,5,0,24.2063,24.6279,25.0589,3.5,501,Intel-1550,03,0.04915748502994012,0.04915748502994012,1.0,1.0,0.04919215616227968,1.0007053072857255,1.0,True
1-omp,1,1152,5,0,35.639,35.9725,37.642,5.6,500,Intel-1550,03,0.071945,0.071945,1.0,1.0,0.07163154760898398,0.995643166432469,1.0,True
1-omp,1,1280,5,0,45.9262,48.7094,49.628,7.6,500,Intel-1550,03,0.0974188,0.0974188,1.0,1.0,0.09772364747109387,1.0031292468301176,1.0,True
2-omp,2,512,5,0,2.9177,3.0192,3.2255,10.2,501,Intel-1550,03,0.006026347305389222,0.006951696606786428,1.1535506094329624,0.5767753047164812,0.0065187223754652685,1.0817037328126984,0.42863303679242953,False
2-omp,2,640,5,0,4.3935,4.52,4.6383,5.4,500,Intel-1550,03,0.00904,0.013205399999999999,1.4607743362831858,0.7303871681415929,0.010247630593383635,1.1335874550203136,0.49839806558863536,False
2-omp,2,768,5,0,7.4046,7.4811,7.662,3.4,501,Intel-1550,03,0.014932335329341316,0.021855289421157685,1.4636216599163225,0.7318108299581613,0.016744577409690476,1.1213636072576132,0.5115395361832914,False
2-omp,2,896,5,0,10.4711,10.6072,10.7244,2.4,501,Intel-1550,03,0.021172055888223556,0.03391776447105788,1.6020061844784672,0.8010030922392336,0.023832364524192778,1.1256518804793518,0.553383498210903,False
2-omp,2,1024,5,0,14.6455,14.8478,15.089,3.0,501,Intel-1550,03,0.02963632734530938,0.04915748502994012,1.6586901763224182,0.8293450881612091,0.0331500171102447,1.118560229275219,0.5944500895146853,False
2-omp,2,1152,5,0,20.5504,21.2442,21.4505,4.2,500,Intel-1550,03,0.042488399999999996,0.071945,1.6932856968019507,0.8466428484009754,0.04805167445407366,1.130936313301364,0.5926434398402232,False
2-omp,2,1280,5,0,27.0653,27.7692,28.5409,5.3,500,Intel-1550,03,0.0555384,0.0974188,1.754080059922504,0.877040029961252,0.063222125214707,1.13834977627564,0.6044035072137683,True
2-omp-stream,2,512,5,0,2.4405,2.4672,2.5045,2.6,501,Intel-1550,03,0.004924550898203593,0.006951696606786428,1.4116407263294424,0.7058203631647212,0.006383324073122208,1.2962246111520048,0.4271907849494056,False
2-omp-stream,2,640,5,0,3.9947,4.095,4.1863,4.7,500,Intel-1550,03,0.00819,0.013205399999999999,1.6123809523809525,0.8061904761904762,0.01074038000496833,1.3114017100083433,0.5004476547443816,False
2-omp-stream,2,768,5,0,6.5237,6.8153,6.9322,6.0,501,Intel-1550,03,0.013603393213572854,0.021855289421157685,1.6066057253532493,0.8033028626766247,0.017473724817991382,1.2845122201243795,0.5127908279493595,False
2-omp-stream,2,896,5,0,9.845,9.933,9.9966,1.5,501,Intel-1550,03,0.019826347305389222,0.03391776447105788,1.7107419712070875,0.8553709856035437,0.025355482775339683,1.278878170788803,0.5496380693547966,False
2-omp-stream,2,1024,5,0,13.8422,14.031,14.0676,1.6,501,Intel-1550,03,0.028005988023952096,0.04915748502994012,1.7552490912978405,0.8776245456489202,0.03499870392132461,1.249686456031903,0.5869579758059893,False
2-omp-stream,2,1152,5,0,19.8661,20.0118,20.5257,3.3,500,Intel-1550,03,0.0400236,0.071945,1.7975644369821804,0.8987822184910902,0.05032831322869484,1.2574659258211365,0.5946187998059272,False
2-omp-stream,2,1280,5,0,25.4971,26.5141,27.2931,6.8,500,Intel-1550,03,0.0530282,0.0974188,1.837113083227415,0.9185565416137075,0.0665399158349351,1.2548024604820662,0.6076913154885487,True
2-omp-stream-omp,2,512,5,0,2.4363,2.5142,2.5354,3.9,501,Intel-1550,03,0.005018363273453094,0.006951696606786428,1.3852517699467028,0.6926258849733514,0.005219633382743079,1.0401067237110344,0.6325268027610516,True
2-omp-stream-omp,2,640,5,0,4.0279,4.0799,4.144,2.8,500,Intel-1550,03,0.0081598,0.013205399999999999,1.6183484889335522,0.8091742444667761,0.00871721460967763,1.0683122882518727,0.6665731687770475,True
2-omp-stream-omp,2,768,5,0,6.6319,6.8327,6.9628,4.8,501,Intel-1550,03,0.01363812375249501,0.021855289421157685,1.6025143793815038,0.8012571896907519,0.014367836784987768,1.0535053828323901,0.6755671165522293,True
2-omp-stream-omp,2,896,5,0,9.8388,9.9671,10.0074,1.7,501,Intel-1550,03,0.019894411177644712,0.03391776447105788,1.7048890850899456,0.8524445425449728,0.02143499122440204,1.0774378308058934,0.6786216483331058,True
2-omp-stream-omp,2,1024,5,0,13.8152,14.062,14.1172,2.1,501,Intel-1550,03,0.028067864271457084,0.04915748502994012,1.751379604608164,0.875689802304082,0.03051170822751975,1.0870691097985632,0.6857348783057049,True
2-omp-stream-omp,2,1152,5,0,19.9103,20.0817,20.5672,3.3,500,Intel-1550,03,0.0401634,0.071945,1.7913075088264439,0.8956537544132219,0.04459987057439696,1.1104605330822828,0.6760579655237735,True
2-omp-stream-omp,2,1280,5,0,25.7475,26.5782,27.2895,5.8,500,Intel-1550,03,0.0531564,0.0974188,1.8326824239414257,0.9163412119707128,0.05919758216505399,1.1136491968051634,0.6822035199374729,True
2-omp-stream-omp-p2p,2,512,5,0,1.9243,1.9471,1.9956,3.7,501,Intel-1550,03,0.003886427145708583,0.006951696606786428,1.7887114169790972,0.8943557084895486,0.004157273224604686,1.0696902498726042,0.724057495902156,True
2-omp-stream-omp-p2p,2,640,5,0,3.4428,3.5953,3.7095,7.4,500,Intel-1550,03,0.0071906,0.013205399999999999,1.8364809612549715,0.9182404806274858,0.007880379776175955,1.0959279860061684,0.6986853710781638,True
2-omp-stream-omp-p2p,2,768,5,0,5.7627,5.9215,5.9633,3.4,501,Intel-1550,03,0.011819361277445109,0.021855289421157685,1.8491091784176308,0.9245545892088154,0.01283496991402789,1.0859275398003838,0.7061766690893988,True
2-omp-stream-omp-p2p,2,896,5,0,8.8782,8.973,8.9979,1.3,501,Intel-1550,03,0.017910179640718563,0.03391776447105788,1.8937701994873508,0.9468850997436754,0.019773048811942657,1.1040117524555078,0.6956820784013312,True
2-omp-stream-omp-p2p,2,1024,5,0,12.6901,12.8971,13.0395,2.7,501,Intel-1550,03,0.025742714570858284,0.04915748502994012,1.9095688177962487,0.9547844088981243,0.028652343799128552,1.1130272885659105,0.6943034848212681,True
2-omp-stream-omp-p2p,2,1152,5,0,18.5103,18.633,19.3228,4.4,500,Intel-1550,03,0.037266,0.071945,1.9305801534911178,0.9652900767455589,0.042170858629890624,1.1316175234769126,0.6816308366947805,True
2-omp-stream-omp-p2p,2,1280,5,0,23.9807,25.2971,26.2436,8.9,500,Intel-1550,03,0.0505942,0.0974188,1.9254934360064988,0.9627467180032494,0.05664340446811556,1.1195632002900642,0.6921321076390659,True
4-omp,4,512,5,0,4.8993,5.3686,5.5234,11.6,501,Intel-1550,03,0.010715768463073852,0.006951696606786428,0.6487352382371568,0.1621838095592892,0.012544192601900683,1.1706293062534445,0.11362804917882854,False
4-omp,4,640,5,0,5.953,6.3157,6.4869,8.5,500,Intel-1550,03,0.0126314,0.013205399999999999,1.045442310432731,0.26136057760818276,0.016085053000039436,1.2734180692591033,0.15962884442250166,False
4-omp,4,768,5,0,9.1259,10.3257,10.6609,14.9,501,Intel-1550,03,0.02061017964071856,0.021855289421157685,1.0604123691372014,0.26510309228430035,0.02574941519645065,1.249354233942665,0.16416197410422867,False
4-omp,4,896,5,0,12.0063,12.3246,12.4318,3.5,501,Intel-1550,03,0.0246,0.03391776447105788,1.3787709134576376,0.3446927283644094,0.03223649655547753,1.310426689247054,0.19275993218164322,False
4-omp,4,1024,5,0,14.013,14.2048,14.8221,5.7,501,Intel-1550,03,0.028352894211576846,0.04915748502994012,1.7337730907862132,0.4334432726965533,0.03895781676211272,1.3740331576522353,0.2150679751697191,False
4-omp,4,1152,5,0,16.6195,16.9867,17.275,3.9,500,Intel-1550,03,0.0339734,0.071945,2.1176861897837718,0.5294215474459429,0.0488300205099111,1.4373015509166318,0.24363183077036196,False
4-omp,4,1280,5,0,19.4855,20.4773,20.7473,6.2,500,Intel-1550,03,0.0409546,0.0974188,2.3787022703188407,0.5946755675797102,0.06054643787630544,1.4783794220015685,0.26025791387006786,False
4-omp-stream,4,512,5,0,3.392,3.4772,3.6954,8.7,501,Intel-1550,03,0.006940518962075848,0.006951696606786428,1.001610491199816,0.250402622799954,0.009436955503919264,1.3596901839018611,0.11214377820760799,False
4-omp-stream,4,640,5,0,3.8485,3.9175,4.3132,11.9,500,Intel-1550,03,0.007835,0.013205399999999999,1.6854371410338225,0.4213592852584556,0.011973352413038459,1.5281879276373274,0.1549517464314912,False
4-omp-stream,4,768,5,0,6.2971,6.6704,7.4709,17.6,501,Intel-1550,03,0.013314171656686627,0.021855289421157685,1.6415057567762055,0.41037643919405137,0.019335321590380625,1.452236165264556,0.16464127482778673,False
4-omp-stream,4,896,5,0,7.4291,8.158,8.8267,17.1,501,Intel-1550,03,0.016283433133732535,0.03391776447105788,2.082961510174062,0.5207403775435155,0.02485647526288417,1.52648861322689,0.19522994026983,False
4-omp-stream,4,1024,5,0,9.7154,10.0284,10.3834,6.7,501,Intel-1550,03,0.020016766467065867,0.04915748502994012,2.455815484025368,0.613953871006342,0.031593678297955965,1.5783607382310179,0.22124634872840304,False
4-omp-stream,4,1152,5,0,12.8703,13.0741,13.427,4.3,500,Intel-1550,03,0.0261482,0.071945,2.7514322209559356,0.6878580552389839,0.041117798059063994,1.5724905752236864,0.24273220322428363,False
4-omp-stream,4,1280,5,0,16.1526,16.7793,16.8817,4.3,500,Intel-1550,03,0.0335586,0.0974188,2.9029458916641335,0.7257364729160334,0.05275739323256978,1.572097561655426,0.2560482985959419,False
4-omp-stream-omp,4,512,5,0,3.002,3.0566,3.4015,13.1,501,Intel-1550,03,0.006100998003992016,0.006951696606786428,1.1394359746123144,0.2848589936530786,0.0064589327320467085,1.0586682257264284,0.24990660919540228,False
4-omp-stream-omp,4,640,5,0,3.4112,3.7297,3.8273,11.2,500,Intel-1550,03,0.0074594,0.013205399999999999,1.7703032415475775,0.44257581038689436,0.008410800678751421,1.1275438612691935,0.36615668161833276,False
4-omp-stream-omp,4,768,5,0,6.2715,6.7389,7.0367,11.4,501,Intel-1550,03,0.013450898203592814,0.021855289421157685,1.6248200744928698,0.40620501862321745,0.014475670433896722,1.076186156105931,0.3488744346765588,False
4-omp-stream-omp,4,896,5,0,7.1984,7.7704,8.0933,11.5,501,Intel-1550,03,0.015509780439121757,0.03391776447105788,2.186862967157418,0.5467157417893544,0.017489073517878248,1.1276158025915013,0.4359442037846913,False
4-omp-stream-omp,4,1024,5,0,9.0513,9.6103,9.8782,8.6,501,Intel-1550,03,0.019182235528942118,0.04915748502994012,2.5626567328803467,0.6406641832200867,0.021802947370933284,1.1366218154311076,0.5232418437796128,False
4-omp-stream-omp,4,1152,5,0,11.9786,12.1195,12.4789,4.1,500,Intel-1550,03,0.024239,0.071945,2.9681505012583025,0.7420376253145756,0.02774627448892444,1.144695510909049,0.5608319190395374,False
4-omp-stream-omp,4,1280,5,0,15.3388,15.5012,15.7624,2.7,500,Intel-1550,03,0.031002400000000003,0.0974188,3.142298660748845,0.7855746651872112,0.03559770075779594,1.1482240329069988,0.5853375805331353,False
4-omp-stream-omp-p2p,4,512,5,0,1.6237,1.6447,1.6941,4.3,501,Intel-1550,03,0.0032828343313373253,0.006951696606786428,2.117589834012282,0.5293974585030705,0.0036109785134445693,1.0999575820731617,0.43470855412566234,False
4-omp-stream-omp-p2p,4,640,5,0,2.3411,2.4027,2.4404,4.1,500,Intel-1550,03,0.0048054,0.013205399999999999,2.748033462354851,0.6870083655887127,0.005404878668024021,1.1247510442468933,0.507985464317342,False
4-omp-stream-omp-p2p,4,768,5,0,3.5199,3.5623,3.6111,2.6,501,Intel-1550,03,0.007110379241516966,0.021855289421157685,3.073716419167392,0.768429104791848,0.007870105116130982,1.1068474477673476,0.5812235610819125,False
4-omp-stream-omp-p2p,4,896,5,0,5.1372,5.1817,5.2515,2.2,501,Intel-1550,03,0.010342714570858284,0.03391776447105788,3.279387073740278,0.8198467684350695,0.011491365918548518,1.1110589816455618,0.5986426141196485,False
4-omp-stream-omp-p2p,4,1024,5,0,7.1626,7.1968,7.7135,7.7,501,Intel-1550,03,0.014364870259481037,0.04915748502994012,3.422062583370387,0.8555156458425968,0.016116861965682912,1.1219636289471904,0.614057907697196,True
4-omp-stream-omp-p2p,4,1152,5,0,10.0307,10.0947,10.4072,3.7,500,Intel-1550,03,0.0201894,0.071945,3.5635036207118587,0.8908759051779647,0.022791686581218783,1.1288937056682609,0.6379980407299354,True
4-omp-stream-omp-p2p,4,1280,5,0,12.7434,13.4536,13.8587,8.3,500,Intel-1550,03,0.0269072,0.0974188,3.6205476601058453,0.9051369150264613,0.030390873561091374,1.1294699396849681,0.647523262468471,True
1-omp,1,512,5,0,8.5323,8.6996,8.8507,3.7,501,MI250X,01,0.01736447105788423,0.01736447105788423,1.0,1.0,0.01717014008047783,0.98880870158621,1.0,True
1-omp,1,640,5,0,16.8711,17.004,17.2682,2.3,500,MI250X,01,0.034008000000000004,0.034008000000000004,1.0,1.0,0.03417011053683387,1.0047668353573826,1.0,True
1-omp,1,768,5,0,29.3691,30.7289,31.2967,6.3,501,MI250X,01,0.06133512974051896,0.06133512974051896,1.0,1.0,0.06032293730934491,0.983497345885528,1.0,True
1-omp,1,896,5,0,48.0468,48.0747,48.7373,1.4,501,MI250X,01,0.09595748502994011,0.09595748502994011,1.0,1.0,0.09677127836597432,1.0084807697469385,1.0,True
1-omp,1,1024,5,0,72.5351,73.3091,73.5772,1.4,501,MI250X,01,0.14632554890219562,0.14632554890219562,1.0,1.0,0.14551862166582216,0.9944853975096802,1.0,True
1-omp,1,1152,5,0,101.5404,103.8462,105.2659,3.6,500,MI250X,01,0.2076924,0.2076924,1.0,1.0,0.20769812748427785,1.0000275767638962,1.0,True
1-omp,1,1280,5,0,142.6889,143.8277,144.5302,1.3,500,MI250X,01,0.2876554,0.2876554,1.0,1.0,0.2855826365185121,0.9927942827373034,1.0,True
2-omp,2,512,5,0,8.213,8.2981,8.3283,1.4,501,MI250X,01,0.01656307385229541,0.01736447105788423,1.0483845699617984,0.5241922849808992,0.010947412331515322,0.660952938394232,0.5241922849808992,False
2-omp,2,640,5,0,16.7765,16.867,17.1228,2.1,500,MI250X,01,0.033734,0.034008000000000004,1.00812236912314,0.50406118456157,0.021864908463900188,0.6481564138228549,0.50406118456157,False
2-omp,2,768,5,0,29.5945,30.0337,30.3347,2.5,501,MI250X,01,0.05994750499001996,0.06133512974051896,1.0231473311646584,0.5115736655823292,0.038231716297965145,0.6377532526888308,0.5115736655823292,False
2-omp,2,896,5,0,46.7715,47.6947,47.7971,2.2,501,MI250X,01,0.09519900199600798,0.09595748502994011,1.0079673422833146,0.5039836711416573,0.061058132544186974,0.6413736621603171,0.5039836711416573,False
2-omp,2,1024,5,0,72.5841,73.3898,73.8846,1.8,501,MI250X,01,0.14648662674650698,0.14632554890219562,0.9989003921525881,0.49945019607629404,0.0930547231033215,0.6352438114664991,0.49945019607629404,False
2-omp,2,1152,5,0,103.2411,103.3778,106.6313,3.3,500,MI250X,01,0.20675559999999998,0.2076924,1.0045309534542233,0.5022654767271116,0.13240007281638128,0.6403699479790694,0.5022654767271116,False
2-omp,2,1280,5,0,142.3343,145.1294,147.2788,3.4,500,MI250X,01,0.2902588,0.2876554,0.9910307628915989,0.49551538144579943,0.18374416473640642,0.6330356383214099,0.49551538144579943,False
2-omp-stream,2,512,5,0,8.2156,8.4999,8.5896,4.4,501,MI250X,01,0.016965868263473054,0.01736447105788423,1.0234943940516947,0.5117471970258474,0.010731907285566862,0.6325586830514475,0.5117471970258474,False
2-omp-stream,2,640,5,0,16.5839,16.7564,17.0657,2.9,500,MI250X,01,0.033512799999999995,0.034008000000000004,1.0147764436275097,0.5073882218137549,0.021328634166302537,0.6364324725568302,0.5073882218137549,False
2-omp-stream,2,768,5,0,29.6491,29.7139,29.914,0.9,501,MI250X,01,0.05930918163672654,0.06133512974051896,1.0341590972575125,0.5170795486287563,0.03753052447894804,0.6327945091002181,0.5170795486287563,False
2-omp-stream,2,896,5,0,46.7682,47.2856,48.339,3.3,501,MI250X,01,0.09438243512974052,0.09595748502994011,1.0166879557412827,0.5083439778706413,0.060195507416718794,0.6377829448241349,0.5083439778706413,False
2-omp-stream,2,1024,5,0,72.5943,73.2761,73.5164,1.3,501,MI250X,01,0.14625968063872255,0.14632554890219562,1.000450351478859,0.5002251757394295,0.09194762191003193,0.6286600757535676,0.5002251757394295,False
2-omp-stream,2,1152,5,0,102.5473,104.1917,106.3761,3.7,500,MI250X,01,0.2083834,0.2076924,0.9966839969018646,0.4983419984509323,0.13106048436934983,0.6289391783095478,0.4983419984509323,False
2-omp-stream,2,1280,5,0,142.5264,144.9306,146.8418,3.0,500,MI250X,01,0.2898612,0.2876554,0.9923901508722106,0.4961950754361053,0.18157703239013354,0.6264275190682076,0.4961950754361053,False
2-omp-stream-omp,2,512,5,0,4.1963,4.2063,4.2906,2.2,501,MI250X,01,0.008395808383233533,0.01736447105788423,2.0682309868530537,1.0341154934265269,0.008491091521768667,1.0113488938987,0.985207855138995,True
2-omp-stream-omp,2,640,5,0,8.3327,8.4726,8.5101,2.1,500,MI250X,01,0.0169452,0.034008000000000004,2.006940018412294,1.003470009206147,0.01693157040128443,0.999195666105117,1.003470009206147,True
2-omp-stream-omp,2,768,5,0,14.7616,15.1271,15.1982,2.9,501,MI250X,01,0.030193812375249502,0.06133512974051896,2.031380766967892,1.015690383483946,0.02987567852670943,0.989463607821818,1.0061034436553664,True
2-omp-stream-omp,2,896,5,0,23.4448,23.9988,24.3144,3.6,501,MI250X,01,0.04790179640718563,0.09595748502994011,2.0032126606330314,1.0016063303165157,0.0479587632494859,1.001189242295133,1.0016063303165157,True
2-omp-stream-omp,2,1024,5,0,36.3616,36.8789,36.939,1.6,501,MI250X,01,0.07361057884231537,0.14632554890219562,1.9878331512057033,0.9939165756028516,0.07302816459408708,0.9920879001715786,0.9891144844170574,True
2-omp-stream-omp,2,1152,5,0,51.9175,52.5768,53.1086,2.3,500,MI250X,01,0.1051536,0.2076924,1.9751335189665404,0.9875667594832702,0.10458405327275143,0.9945836687735982,0.9852906714221209,True
2-omp-stream-omp,2,1280,5,0,71.2841,73.0758,73.4291,2.9,500,MI250X,01,0.1461516,0.2876554,1.9681987744232703,0.9840993872116351,0.14462668714715302,0.9895662253930373,0.983726313143659,True
2-omp-stream-omp-p2p,2,512,5,0,4.2001,4.3112,4.3536,3.6,501,MI250X,01,0.008605189620758484,0.01736447105788423,2.017906847281499,1.0089534236407496,0.008537281229246825,0.9921084375238122,1.0013196031764735,True
2-omp-stream-omp-p2p,2,640,5,0,8.3895,8.5276,8.6276,2.8,500,MI250X,01,0.0170552,0.034008000000000004,1.993995966039683,0.9969979830198415,0.01706362764375607,1.0004941392511417,0.9969979830198415,True
2-omp-stream-omp-p2p,2,768,5,0,14.755,15.1366,15.189,2.9,501,MI250X,01,0.030212774451097803,0.06133512974051896,2.0301058361851405,1.0150529180925703,0.030026958492524722,0.993849755212854,0.9952978369384359,True
2-omp-stream-omp-p2p,2,896,5,0,23.4285,23.7564,24.2558,3.5,501,MI250X,01,0.047417964071856285,0.09595748502994011,2.023652573622266,1.011826286811133,0.047641179665841346,1.004707405692214,1.005991154334459,True
2-omp-stream-omp-p2p,2,1024,5,0,36.2426,36.9227,36.9705,2.0,501,MI250X,01,0.07369800399201597,0.14632554890219562,1.985475060057905,0.9927375300289525,0.07319992450325927,0.9932416149450851,0.9839225717361286,True
2-omp-stream-omp-p2p,2,1152,5,0,52.0039,52.4984,53.3194,2.5,500,MI250X,01,0.10499679999999999,0.2076924,1.978083141581458,0.989041570790729,0.10484218281580476,0.9985274105096991,0.9888759924125377,True
2-omp-stream-omp-p2p,2,1280,5,0,71.2653,73.149,73.2295,2.7,500,MI250X,01,0.146298,0.2876554,1.966229203406745,0.9831146017033725,0.14496775431149003,0.9909072872594978,0.9831146017033725,True
4-omp,4,512,5,0,8.127,8.2542,8.2648,1.7,501,MI250X,01,0.016475449101796408,0.01736447105788423,1.0539604080346974,0.26349010200867434,0.0076458375887204595,0.4640746083144278,0.26349010200867434,False
4-omp,4,640,5,0,16.7033,16.8153,17.0827,2.3,500,MI250X,01,0.033630600000000004,0.034008000000000004,1.0112219228916521,0.25280548072291303,0.014965211648170449,0.44498794693435284,0.25280548072291303,False
4-omp,4,768,5,0,29.2475,29.7418,30.0075,2.6,501,MI250X,01,0.05936487025948104,0.06133512974051896,1.0331889798196476,0.2582972449549119,0.025773568381182114,0.4341552212365169,0.2582972449549119,False
4-omp,4,896,5,0,47.0586,47.4069,48.0168,2.0,501,MI250X,01,0.0946245508982036,0.09595748502994011,1.0140865570201805,0.2535216392550451,0.04076938956590813,0.4308542463759489,0.2535216392550451,False
4-omp,4,1024,5,0,72.4089,72.8212,73.0109,0.8,501,MI250X,01,0.14535169660678643,0.14632554890219562,1.00669997198618,0.251674992996545,0.06178500718709451,0.42507248714295215,0.251674992996545,False
4-omp,4,1152,5,0,103.8186,104.6577,105.6087,1.7,500,MI250X,01,0.2093154,0.2076924,0.992246151023766,0.2480615377559415,0.08819057525329999,0.4213286516582152,0.2480615377559415,False
4-omp,4,1280,5,0,143.6385,145.4208,146.3072,1.8,500,MI250X,01,0.29084160000000003,0.2876554,0.9890448959158524,0.2472612239789631,0.12179841814152749,0.4187792191403413,0.2472612239789631,False
4-omp-stream,4,512,5,0,8.1808,8.2423,8.5448,4.4,501,MI250X,01,0.01645169660678643,0.01736447105788423,1.0554820863108598,0.26387052157771496,0.00646027961787959,0.39268166513687613,0.26387052157771496,False
4-omp-stream,4,640,5,0,16.5481,16.9552,17.0823,3.2,500,MI250X,01,0.0339104,0.034008000000000004,1.0028781730678495,0.2507195432669624,0.013209191676482936,0.38953216937821245,0.2507195432669624,False
4-omp-stream,4,768,5,0,28.9318,29.6734,30.0651,3.8,501,MI250X,01,0.059228343313373254,0.06133512974051896,1.035570578363113,0.25889264459077826,0.023229374964057678,0.39220031600668936,0.25889264459077826,False
4-omp-stream,4,896,5,0,47.0208,47.4151,47.7518,1.5,501,MI250X,01,0.09464091816367266,0.09595748502994011,1.0139111801936513,0.25347779504841284,0.037450647380041925,0.3957130605524612,0.25347779504841284,False
4-omp-stream,4,1024,5,0,71.8823,72.7352,72.929,1.4,501,MI250X,01,0.14518003992015968,0.14632554890219562,1.0078902649611194,0.25197256624027986,0.05752765786397265,0.3962504618101043,0.25197256624027986,False
4-omp-stream,4,1152,5,0,102.93,105.1085,106.6338,3.5,500,MI250X,01,0.21021700000000001,0.2076924,0.987990505049544,0.246997626262386,0.08285557597843642,0.39414308061877207,0.246997626262386,False
4-omp-stream,4,1280,5,0,143.847,145.3311,146.8908,2.1,500,MI250X,01,0.2906622,0.2876554,0.9896553456211369,0.24741383640528422,0.11531119171074082,0.3967189118872039,0.24741383640528422,False
4-omp-stream-omp,4,512,5,0,2.1199,2.1408,2.1843,3.0,501,MI250X,01,0.0042730538922155685,0.01736447105788423,4.063714499252616,1.015928624813154,0.004198023627685877,0.9824410675778328,1.015928624813154,True
4-omp-stream-omp,4,640,5,0,4.2526,4.2991,4.3386,2.0,500,MI250X,01,0.0085982,0.034008000000000004,3.955246446930753,0.9888116117326883,0.008479023798812097,0.986139401131876,0.9888116117326883,True
4-omp-stream-omp,4,768,5,0,7.5685,7.5948,7.6727,1.4,501,MI250X,01,0.015159281437125749,0.06133512974051896,4.046044662137252,1.011511165534313,0.014950318104349507,0.9862154856321566,0.9856155174459224,True
4-omp-stream-omp,4,896,5,0,11.936,12.0519,12.073,1.1,501,MI250X,01,0.02405568862275449,0.09595748502994011,3.9889726931023324,0.9972431732755831,0.02414194414273293,1.0035856599796877,0.9777327935222673,True
4-omp-stream-omp,4,1024,5,0,18.25,18.429,18.481,1.3,501,MI250X,01,0.036784431137724546,0.14632554890219562,3.9779206685115858,0.9944801671278964,0.036983569622896624,1.005413662221022,0.95944543141872,True
4-omp-stream-omp,4,1152,5,0,26.1154,26.488,26.7988,2.6,500,MI250X,01,0.052976,0.2076924,3.920499848988221,0.9801249622470553,0.05310214292158287,1.0023811333732797,0.9616475700720825,True
4-omp-stream-omp,4,1280,5,0,36.4798,36.7267,36.7373,0.7,500,MI250X,01,0.0734534,0.2876554,3.916161811434188,0.979040452858547,0.07359264346419347,1.0018956707816584,0.9444137285474872,True
4-omp-stream-omp-p2p,4,512,5,0,2.1199,2.1408,2.1843,3.0,501,MI250X,01,0.0042730538922155685,0.01736447105788423,4.063714499252616,1.015928624813154,0.004198023627685877,0.9824410675778328,1.015928624813154,True
4-omp-stream-omp-p2p,4,640,5,0,4.2252,4.2465,4.3177,2.2,500,MI250X,01,0.008493,0.034008000000000004,4.004238784881667,1.0010596962204168,0.008455642679475768,0.9956013987372857,0.9910563168022998,True
4-omp-stream-omp-p2p,4,768,5,0,7.3773,7.5525,7.5893,2.8,501,MI250X,01,0.015074850299401197,0.06133512974051896,4.068705726580602,1.0171764316451506,0.014914940408435919,0.9893922733699299,0.9831919789612097,True
4-omp-stream-omp-p2p,4,896,5,0,11.6934,11.7868,11.9542,2.2,501,MI250X,01,0.023526546906187624,0.09595748502994011,4.078689720704517,1.0196724301761293,0.02401324582769997,1.0206872229678696,0.9737512148496799,True
4-omp-stream-omp-p2p,4,1024,5,0,18.25,18.429,18.481,1.3,501,MI250X,01,0.036784431137724546,0.14632554890219562,3.9779206685115858,0.9944801671278964,0.036983569622896624,1.005413662221022,0.95944543141872,True
4-omp-stream-omp-p2p,4,1152,5,0,25.9423,26.1999,26.4902,2.1,500,MI250X,01,0.052399799999999996,0.2076924,3.9636105481318635,0.9909026370329659,0.05288328525187162,1.009226853000806,0.9631647398309999,True
4-omp-stream-omp-p2p,4,1280,5,0,36.3877,36.6023,36.7178,0.9,500,MI250X,01,0.0732046,0.2876554,3.929471645224481,0.9823679113061202,0.07361181384121344,1.0055626810502816,0.9440432327837567,True
1-omp,1,512,5,0,8.4673,8.6097,8.8618,4.6,501,MI250X,02,0.01718502994011976,0.01718502994011976,1.0,1.0,0.01717014008047783,0.999133556374716,1.0,True
1-omp,1,640,5,0,16.5399,17.0981,17.1332,3.5,500,MI250X,02,0.034196199999999996,0.034196199999999996,1.0,1.0,0.03417011053683387,0.9992370654293131,1.0,True
1-omp,1,768,5,0,29.5008,29.9087,30.8082,4.4,501,MI250X,02,0.05969800399201597,0.05969800399201597,1.0,1.0,0.06032293730934491,1.0104682447576057,1.0,True
1-omp,1,896,5,0,48.1848,48.4932,49.1834,2.1,501,MI250X,02,0.09679281437125749,0.09679281437125749,1.0,1.0,0.09677127836597432,0.9997775040903288,1.0,True
1-omp,1,1024,5,0,72.6571,73.0161,73.7136,1.4,501,MI250X,02,0.14574071856287424,0.14574071856287424,1.0,1.0,0.14551862166582216,0.9984760820500809,1.0,True
1-omp,1,1152,5,0,101.8129,104.2726,105.7278,3.8,500,MI250X,02,0.2085452,0.2085452,1.0,1.0,0.20769812748427785,0.995938182630326,1.0,True
1-omp,1,1280,5,0,141.2936,142.4599,145.1173,2.7,500,MI250X,02,0.2849198,0.2849198,1.0,1.0,0.2855826365185121,1.0023263968264478,1.0,True
2-omp,2,512,5,0,4.2776,4.3763,4.4583,4.1,501,MI250X,02,0.008735129740518962,0.01718502994011976,1.9673468455087633,0.9836734227543816,0.010947412331515322,1.253262705502177,0.5241922849808992,False
2-omp,2,640,5,0,8.6168,8.7778,8.7949,2.0,500,MI250X,02,0.017555599999999998,0.034196199999999996,1.947879878785117,0.9739399393925585,0.021864908463900188,1.2454663163833872,0.50406118456157,False
2-omp,2,768,5,0,15.4008,15.4484,15.5619,1.0,501,MI250X,02,0.03083512974051896,0.05969800399201597,1.936038683617721,0.9680193418088605,0.038231716297965145,1.2398753181740851,0.5115736655823292,False
2-omp,2,896,5,0,24.1333,24.3203,24.7219,2.4,501,MI250X,02,0.0485435129740519,0.09679281437125749,1.9939392194997594,0.9969696097498797,0.061058132544186974,1.2578020996713721,0.5039836711416573,False
2-omp,2,1024,5,0,36.5692,36.9633,37.7218,3.1,501,MI250X,02,0.07377904191616766,0.14574071856287424,1.975367459074271,0.9876837295371355,0.0930547231033215,1.2612622865048324,0.49945019607629404,False
2-omp,2,1152,5,0,52.289,52.6563,53.388,2.1,500,MI250X,02,0.1053126,0.2085452,1.980249276914633,0.9901246384573165,0.13240007281638128,1.2572101801340132,0.5022654767271116,False
2-omp,2,1280,5,0,72.8917,73.5028,74.5875,2.3,500,MI250X,02,0.1470056,0.2849198,1.9381560974547911,0.9690780487273956,0.18374416473640642,1.2499126886078247,0.49551538144579943,False
2-omp-stream,2,512,5,0,4.1912,4.2601,4.3466,3.6,501,MI250X,02,0.008503193612774452,0.01718502994011976,2.0210088965047768,1.0105044482523884,0.010731907285566862,1.2621031313980886,0.5117471970258474,False
2-omp-stream,2,640,5,0,8.1916,8.4961,8.5715,4.5,500,MI250X,02,0.0169922,0.034196199999999996,2.0124645425548193,1.0062322712774097,0.021328634166302537,1.2552014551560444,0.5073882218137549,False
2-omp-stream,2,768,5,0,14.7953,15.0071,15.2562,3.1,501,MI250X,02,0.029954291417165668,0.05969800399201597,1.9929699942027441,0.9964849971013721,0.03753052447894804,1.2529264657364159,0.5170795486287563,False
2-omp-stream,2,896,5,0,23.4123,24.0572,24.1858,3.2,501,MI250X,02,0.048018363273453095,0.09679281437125749,2.01574580582944,1.00787290291472,0.060195507416718794,1.2535934861819378,0.5083439778706413,False
2-omp-stream,2,1024,5,0,35.9496,36.356,37.0679,3.1,501,MI250X,02,0.07256686626746507,0.14574071856287424,2.0083645065463744,1.0041822532731872,0.09194762191003193,1.2670744464992298,0.5002251757394295,False
2-omp-stream,2,1152,5,0,51.2114,51.6742,52.3725,2.2,500,MI250X,02,0.10334839999999999,0.2085452,2.017885134167534,1.008942567083767,0.13106048436934983,1.268142364752138,0.4983419984509323,False
2-omp-stream,2,1280,5,0,71.4982,72.2651,73.4868,2.8,500,MI250X,02,0.1445302,0.2849198,1.971351316195508,0.985675658097754,0.18157703239013354,1.2563258916830775,0.4961950754361053,False
2-omp-stream-omp,2,512,5,0,4.1175,4.2434,4.3059,4.4,501,MI250X,02,0.008469860279441119,0.01718502994011976,2.028962624310694,1.014481312155347,0.008491091521768667,1.0025066815304007,0.985207855138995,True
2-omp-stream-omp,2,640,5,0,8.3469,8.3836,8.5766,2.7,500,MI250X,02,0.0167672,0.034196199999999996,2.0394699174578936,1.0197349587289468,0.01693157040128443,1.0098030918271643,1.003470009206147,True
2-omp-stream-omp,2,768,5,0,14.7489,14.8514,15.2322,3.3,501,MI250X,02,0.029643512974051895,0.05969800399201597,2.01386401282034,1.00693200641017,0.02987567852670943,1.0078319176563437,1.0061034436553664,True
2-omp-stream-omp,2,896,5,0,23.6504,24.1198,24.2532,2.5,501,MI250X,02,0.0481433133732535,0.09679281437125749,2.0105141833680213,1.0052570916840107,0.0479587632494859,0.9961666509669413,1.0016063303165157,True
2-omp-stream-omp,2,1024,5,0,35.9349,36.2903,37.0493,3.1,501,MI250X,02,0.07243572854291418,0.14574071856287424,2.012000451911392,1.006000225955696,0.07302816459408708,1.0081787822541457,0.9891144844170574,True
2-omp-stream-omp,2,1152,5,0,51.5134,51.8155,52.6763,2.2,500,MI250X,02,0.103631,0.2085452,2.012382395229227,1.0061911976146134,0.10458405327275143,1.0091966040350033,0.9852906714221209,True
2-omp-stream-omp,2,1280,5,0,71.7795,72.4083,73.3506,2.2,500,MI250X,02,0.1448166,0.2849198,1.967452626287318,0.983726313143659,0.14462668714715302,0.9986885974891899,0.983726313143659,True
2-omp-stream-omp-p2p,2,512,5,0,4.0921,4.2769,4.3354,5.7,501,MI250X,02,0.008536726546906188,0.01718502994011976,2.0130702144076316,1.0065351072038158,0.008537281229246825,1.000064975999593,1.0013196031764735,True
2-omp-stream-omp-p2p,2,640,5,0,8.4077,8.5119,8.56,1.8,500,MI250X,02,0.017023800000000002,0.034196199999999996,2.0087289559322827,1.0043644779661414,0.01706362764375607,1.0023395272357563,0.9969979830198415,True
2-omp-stream-omp-p2p,2,768,5,0,14.9167,15.025,15.1723,1.7,501,MI250X,02,0.02999001996007984,0.05969800399201597,1.9905956738768718,0.9952978369384359,0.030026958492524722,1.001231694160059,0.9952978369384359,True
2-omp-stream-omp-p2p,2,896,5,0,23.6527,24.1022,24.3427,2.9,501,MI250X,02,0.04810818363273453,0.09679281437125749,2.011982308668918,1.005991154334459,0.047641179665841346,0.9902926294108635,1.005991154334459,True
2-omp-stream-omp-p2p,2,1024,5,0,35.9636,36.312,37.0863,3.1,501,MI250X,02,0.07247904191616766,0.14574071856287424,2.010798083278255,1.0053990416391274,0.07319992450325927,1.009946083281915,0.9839225717361286,True
2-omp-stream-omp-p2p,2,1152,5,0,51.6167,52.4683,52.7666,2.2,500,MI250X,02,0.1049366,0.2085452,1.9873447395856163,0.9936723697928082,0.10484218281580476,0.9991002454415786,0.9888759924125377,True
2-omp-stream-omp-p2p,2,1280,5,0,71.7672,72.4516,73.4118,2.3,500,MI250X,02,0.1449032,0.2849198,1.9662767971997857,0.9831383985998928,0.14496775431149003,1.000445499557567,0.9831146017033725,True
4-omp,4,512,5,0,2.5716,2.5771,2.5939,0.9,501,MI250X,02,0.005143912175648703,0.01718502994011976,3.340848240270071,0.8352120600675178,0.0076458375887204595,1.4863857172593031,0.26349010200867434,False
4-omp,4,640,5,0,4.8813,4.9533,4.9897,2.2,500,MI250X,02,0.0099066,0.034196199999999996,3.4518603759110085,0.8629650939777521,0.014965211648170449,1.5106304532504036,0.25280548072291303,False
4-omp,4,768,5,0,8.4534,8.4974,8.5426,1.0,501,MI250X,02,0.016960878243512976,0.05969800399201597,3.5197472167957256,0.8799368041989314,0.025773568381182114,1.5195892577696988,0.2582972449549119,False
4-omp,4,896,5,0,13.2886,13.361,13.5294,1.8,501,MI250X,02,0.0266686626746507,0.09679281437125749,3.6294588728388595,0.9073647182097149,0.04076938956590813,1.5287376822483327,0.2535216392550451,False
4-omp,4,1024,5,0,19.7966,20.1727,20.2424,2.2,501,MI250X,02,0.040264870259481035,0.14574071856287424,3.61955018415978,0.904887546039945,0.06178500718709451,1.5344643305424832,0.251674992996545,False
4-omp,4,1152,5,0,28.2466,28.558,28.685,1.5,500,MI250X,02,0.057116,0.2085452,3.651257090832691,0.9128142727081727,0.08819057525329999,1.5440607754972335,0.2480615377559415,False
4-omp,4,1280,5,0,38.8182,39.4209,39.7175,2.3,500,MI250X,02,0.0788418,0.2849198,3.6138165287956387,0.9034541321989097,0.12179841814152749,1.5448457308372905,0.2472612239789631,False
4-omp-stream,4,512,5,0,1.9835,2.0075,2.0229,2.0,501,MI250X,02,0.004006986027944111,0.01718502994011976,4.288767123287672,1.072191780821918,0.00646027961787959,1.6122540914359527,0.26387052157771496,False
4-omp-stream,4,640,5,0,4.0571,4.1007,4.1634,2.6,500,MI250X,02,0.0082014,0.034196199999999996,4.169556417197064,1.042389104299266,0.013209191676482936,1.610602052879135,0.2507195432669624,False
4-omp-stream,4,768,5,0,7.1764,7.2881,7.3864,2.9,501,MI250X,02,0.014547105788423154,0.05969800399201597,4.1037719021418475,1.0259429755354619,0.023229374964057678,1.5968382509835068,0.25889264459077826,False
4-omp-stream,4,896,5,0,11.6033,11.7568,11.9457,2.9,501,MI250X,02,0.023466666666666667,0.09679281437125749,4.124693794229723,1.0311734485574306,0.037450647380041925,1.5959082690358775,0.25347779504841284,False
4-omp-stream,4,1024,5,0,18.071,18.1245,18.1782,0.6,501,MI250X,02,0.03617664670658683,0.14574071856287424,4.028585616154928,1.007146404038732,0.05752765786397265,1.5901876791001295,0.25197256624027986,False
4-omp-stream,4,1152,5,0,25.6803,25.9594,26.1239,1.7,500,MI250X,02,0.051918799999999994,0.2085452,4.016756935830567,1.0041892339576417,0.08285557597843642,1.5958684711209894,0.246997626262386,False
4-omp-stream,4,1280,5,0,35.8059,36.2854,36.464,1.8,500,MI250X,02,0.0725708,0.2849198,3.926094241761149,0.9815235604402872,0.11531119171074082,1.5889475065830998,0.24741383640528422,False
4-omp-stream-omp,4,512,5,0,2.0757,2.1087,2.143,3.2,501,MI250X,02,0.004208982035928143,0.01718502994011976,4.082942097026605,1.0207355242566511,0.004198023627685877,0.9973964231377742,1.015928624813154,True
4-omp-stream-omp,4,640,5,0,4.2232,4.3061,4.403,4.2,500,MI250X,02,0.0086122,0.034196199999999996,3.970669515338705,0.9926673788346763,0.008479023798812097,0.9845363320419981,0.9888116117326883,True
4-omp-stream-omp,4,768,5,0,7.4492,7.5863,7.7415,3.9,501,MI250X,02,0.015142315369261476,0.05969800399201597,3.9424620697836894,0.9856155174459224,0.014950318104349507,0.9873204816945156,0.9856155174459224,True
4-omp-stream-omp,4,896,5,0,12.2358,12.3994,12.5152,2.3,501,MI250X,02,0.02474930139720559,0.09679281437125749,3.910931174089069,0.9777327935222673,0.02414194414273293,0.9754596202646256,0.9777327935222673,True
4-omp-stream-omp,4,1024,5,0,19.0073,19.0256,19.117,0.6,501,MI250X,02,0.037975249500998,0.14574071856287424,3.83778172567488,0.95944543141872,0.036983569622896624,0.973886152398411,0.95944543141872,True
4-omp-stream-omp,4,1152,5,0,26.9657,27.1078,27.1959,0.8,500,MI250X,02,0.0542156,0.2085452,3.84659028028833,0.9616475700720825,0.05310214292158287,0.9794624226529425,0.9616475700720825,True
4-omp-stream-omp,4,1280,5,0,37.6242,37.7112,38.0928,1.2,500,MI250X,02,0.0754224,0.2849198,3.7776549141899487,0.9444137285474872,0.07359264346419347,0.9757398791896502,0.9444137285474872,True
4-omp-stream-omp-p2p,4,512,5,0,2.0757,2.1087,2.143,3.2,501,MI250X,02,0.004208982035928143,0.01718502994011976,4.082942097026605,1.0207355242566511,0.004198023627685877,0.9973964231377742,1.015928624813154,True
4-omp-stream-omp-p2p,4,640,5,0,4.278,4.3131,4.4235,3.4,500,MI250X,02,0.0086262,0.034196199999999996,3.964225267209199,0.9910563168022998,0.008455642679475768,0.9802279890885637,0.9910563168022998,True
4-omp-stream-omp-p2p,4,768,5,0,7.5524,7.605,7.8062,3.3,501,MI250X,02,0.015179640718562875,0.05969800399201597,3.9327679158448388,0.9831919789612097,0.014914940408435919,0.9825621491947922,0.9831919789612097,True
4-omp-stream-omp-p2p,4,896,5,0,12.2051,12.4501,12.6053,3.2,501,MI250X,02,0.02485049900199601,0.09679281437125749,3.8950048593987194,0.9737512148496799,0.02401324582769997,0.9663083958906101,0.9737512148496799,True
4-omp-stream-omp-p2p,4,1024,5,0,19.0073,19.0256,19.117,0.6,501,MI250X,02,0.037975249500998,0.14574071856287424,3.83778172567488,0.95944543141872,0.036983569622896624,0.973886152398411,0.95944543141872,True
4-omp-stream-omp-p2p,4,1152,5,0,26.465,27.0651,27.2427,2.9,500,MI250X,02,0.0541302,0.2085452,3.8526589593239997,0.9631647398309999,0.05288328525187162,0.976964527230116,0.9631647398309999,True
4-omp-stream-omp-p2p,4,1280,5,0,37.5704,37.726,37.9263,0.9,500,MI250X,02,0.07545199999999999,0.2849198,3.7761729311350267,0.9440432327837567,0.07361181384121344,0.975611167910903,0.9440432327837567,True
1-omp,1,512,5,0,8.4789,8.4986,8.5745,1.1,501,MI250X,03,0.016963273453093813,0.016963273453093813,1.0,1.0,0.01717014008047783,1.0121949709739713,1.0,True
1-omp,1,640,5,0,16.5025,17.1534,17.6002,6.4,500,MI250X,03,0.034306800000000005,0.034306800000000005,1.0,1.0,0.03417011053683387,0.9960156743512618,1.0,True
1-omp,1,768,5,0,29.688,30.0342,30.7894,3.7,501,MI250X,03,0.05994850299401197,0.05994850299401197,1.0,1.0,0.06032293730934491,1.0062459327027788,1.0,True
1-omp,1,896,5,0,48.3044,48.8827,49.4557,2.4,501,MI250X,03,0.09757025948103792,0.09757025948103792,1.0,1.0,0.09677127836597432,0.9918112228120202,1.0,True
1-omp,1,1024,5,0,71.9786,72.3923,73.261,1.8,501,MI250X,03,0.14449560878243514,0.14449560878243514,1.0,1.0,0.14551862166582216,1.0070798890845698,1.0,True
1-omp,1,1152,5,0,103.1018,103.4301,104.7486,1.6,500,MI250X,03,0.2068602,0.2068602,1.0,1.0,0.20769812748427785,1.0040506945477083,1.0,True
1-omp,1,1280,5,0,140.6228,142.0922,143.291,1.9,500,MI250X,03,0.2841844,0.2841844,1.0,1.0,0.2855826365185121,1.004920173375147,1.0,True
2-omp,2,512,5,0,4.5113,4.5432,4.7796,5.9,501,MI250X,03,0.009068263473053891,0.016963273453093813,1.8706198274344077,0.9353099137172038,0.010947412331515322,1.2072225695741277,0.5241922849808992,False
2-omp,2,640,5,0,8.6397,8.8253,9.0075,4.2,500,MI250X,03,0.017650600000000002,0.034306800000000005,1.943661971830986,0.971830985915493,0.021864908463900188,1.2387629011988366,0.50406118456157,False
2-omp,2,768,5,0,15.0853,15.1458,15.559,3.1,501,MI250X,03,0.030231137724550897,0.05994850299401197,1.983005189557501,0.9915025947787505,0.038231716297965145,1.2646469559402962,0.5115736655823292,False
2-omp,2,896,5,0,23.9309,24.6777,24.8479,3.7,501,MI250X,03,0.04925688622754491,0.09757025948103792,1.9808450544418643,0.9904225272209322,0.061058132544186974,1.239585715226203,0.5039836711416573,False
2-omp,2,1024,5,0,36.855,37.3527,37.6837,2.2,501,MI250X,03,0.07455628742514969,0.14449560878243514,1.938074088352382,0.969037044176191,0.0930547231033215,1.2481136912395643,0.49945019607629404,False
2-omp,2,1152,5,0,51.9523,53.2963,54.0594,4.0,500,MI250X,03,0.10659260000000001,0.2068602,1.9406619221221733,0.9703309610610866,0.13240007281638128,1.2421131749894576,0.5022654767271116,False
2-omp,2,1280,5,0,71.8626,72.6928,74.2747,3.3,500,MI250X,03,0.1453856,0.2841844,1.954694275086391,0.9773471375431955,0.18374416473640642,1.263840192814188,0.49551538144579943,False
2-omp-stream,2,512,5,0,4.1444,4.2925,4.3273,4.3,501,MI250X,03,0.008567864271457087,0.016963273453093813,1.979871869539895,0.9899359347699475,0.010731907285566862,1.2525767152170058,0.5117471970258474,False
2-omp-stream,2,640,5,0,8.2585,8.5192,8.7283,5.5,500,MI250X,03,0.0170384,0.034306800000000005,2.0134989200863935,1.0067494600431968,0.021328634166302537,1.251797948534049,0.5073882218137549,False
2-omp-stream,2,768,5,0,14.8878,14.9077,15.0507,1.1,501,MI250X,03,0.029755888223552896,0.05994850299401197,2.0146769790108463,1.0073384895054232,0.03753052447894804,1.2612805975403962,0.5170795486287563,False
2-omp-stream,2,896,5,0,23.4874,24.1119,24.312,3.4,501,MI250X,03,0.04812754491017964,0.09757025948103792,2.027326755668363,1.0136633778341815,0.060195507416718794,1.2507495973264702,0.5083439778706413,False
2-omp-stream,2,1024,5,0,36.1656,36.6941,36.9922,2.3,501,MI250X,03,0.07324171656686626,0.14449560878243514,1.9728593970147792,0.9864296985073896,0.09194762191003193,1.2553996031221915,0.5002251757394295,False
2-omp-stream,2,1152,5,0,51.0424,52.2659,53.2063,4.1,500,MI250X,03,0.10453180000000001,0.2068602,1.9789212469315556,0.9894606234657778,0.13106048436934983,1.253785779727794,0.4983419984509323,False
2-omp-stream,2,1280,5,0,70.6917,71.4503,73.2162,3.5,500,MI250X,03,0.1429006,0.2841844,1.9886858417669346,0.9943429208834673,0.18157703239013354,1.270652694181365,0.4961950754361053,False
2-omp-stream-omp,2,512,5,0,4.1703,4.3131,4.3368,3.9,501,MI250X,03,0.008608982035928145,0.016963273453093813,1.97041571027799,0.985207855138995,0.008491091521768667,0.9863061028972436,0.985207855138995,True
2-omp-stream-omp,2,640,5,0,8.286,8.5419,8.6285,4.0,500,MI250X,03,0.0170838,0.034306800000000005,2.0081480701015,1.00407403505075,0.01693157040128443,0.9910892425153905,1.003470009206147,True
2-omp-stream-omp,2,768,5,0,14.6855,14.926,15.1205,2.9,501,MI250X,03,0.02979241516966068,0.05994850299401197,2.012206887310733,1.0061034436553664,0.02987567852670943,1.002794783725139,1.0061034436553664,True
2-omp-stream-omp,2,896,5,0,23.3239,23.9637,24.088,3.2,501,MI250X,03,0.047831736526946105,0.09757025948103792,2.039864461664935,1.0199322308324674,0.0479587632494859,1.0026556995786309,1.0016063303165157,True
2-omp-stream-omp,2,1024,5,0,36.146,36.5945,36.8649,2.0,501,MI250X,03,0.07304291417165668,0.14449560878243514,1.9782289688341148,0.9891144844170574,0.07302816459408708,0.9997980697000268,0.9891144844170574,True
2-omp-stream-omp,2,1152,5,0,51.1644,52.4871,53.1549,3.8,500,MI250X,03,0.10497419999999999,0.2068602,1.9705813428442418,0.9852906714221209,0.10458405327275143,0.9962834036625327,0.9852906714221209,True
2-omp-stream-omp,2,1280,5,0,70.982,71.465,73.3024,3.2,500,MI250X,03,0.14293,0.2841844,1.9882767788427902,0.9941383894213951,0.14462668714715302,1.0118707559445395,0.983726313143659,True
2-omp-stream-omp-p2p,2,512,5,0,4.215,4.2437,4.322,2.5,501,MI250X,03,0.008470459081836327,0.016963273453093813,2.002639206352947,1.0013196031764735,0.008537281229246825,1.007888846019431,1.0013196031764735,True
2-omp-stream-omp-p2p,2,640,5,0,8.3252,8.556,8.6608,3.9,500,MI250X,03,0.017112,0.034306800000000005,2.00483870967742,1.00241935483871,0.01706362764375607,0.9971731909628373,0.9969979830198415,True
2-omp-stream-omp-p2p,2,768,5,0,14.7784,14.9694,15.1009,2.2,501,MI250X,03,0.029879041916167665,0.05994850299401197,2.0063730009218803,1.0031865004609402,0.030026958492524722,1.004950512696226,0.9952978369384359,True
2-omp-stream-omp-p2p,2,896,5,0,23.5103,23.7478,24.0376,2.2,501,MI250X,03,0.04740079840319362,0.09757025948103792,2.058409621101744,1.029204810550872,0.047641179665841346,1.0050712492351508,1.005991154334459,True
2-omp-stream-omp-p2p,2,1024,5,0,36.2207,36.7876,36.8988,1.8,501,MI250X,03,0.07342834331337325,0.14449560878243514,1.9678451434722573,0.9839225717361286,0.07319992450325927,0.9968892283305487,0.9839225717361286,True
2-omp-stream-omp-p2p,2,1152,5,0,51.3528,52.2968,53.1524,3.4,500,MI250X,03,0.1045936,0.2068602,1.9777519848250753,0.9888759924125377,0.10484218281580476,1.0023766541720025,0.9888759924125377,True
2-omp-stream-omp-p2p,2,1280,5,0,70.7272,71.8568,73.336,3.6,500,MI250X,03,0.14371360000000002,0.2841844,1.9774356776254993,0.9887178388127497,0.14496775431149003,1.0087267614998858,0.9831146017033725,True
4-omp,4,512,5,0,2.5818,2.6423,2.7092,4.8,501,MI250X,03,0.005274051896207585,0.016963273453093813,3.2163645309011093,0.8040911327252773,0.0076458375887204595,1.4497084479237596,0.26349010200867434,False
4-omp,4,640,5,0,4.9772,5.0299,5.0973,2.4,500,MI250X,03,0.010059799999999999,0.034306800000000005,3.4102864868088836,0.8525716217022209,0.014965211648170449,1.487625166322437,0.25280548072291303,False
4-omp,4,768,5,0,8.446,8.5189,8.5697,1.5,501,MI250X,03,0.017003792415169663,0.05994850299401197,3.525596027656152,0.881399006914038,0.025773568381182114,1.5157541183688314,0.2582972449549119,False
4-omp,4,896,5,0,13.3554,13.4535,13.5272,1.3,501,MI250X,03,0.026853293413173652,0.09757025948103792,3.6334559779982905,0.9083639944995726,0.04076938956590813,1.5182267939584475,0.2535216392550451,False
4-omp,4,1024,5,0,20.129,20.1902,20.2816,0.8,501,MI250X,03,0.0402998003992016,0.14449560878243514,3.585516735842141,0.8963791839605353,0.06178500718709451,1.5331343226285201,0.251674992996545,False
4-omp,4,1152,5,0,28.42,28.6865,28.9866,2.0,500,MI250X,03,0.057373,0.2068602,3.6055322189880257,0.9013830547470064,0.08819057525329999,1.537144218592369,0.2480615377559415,False
4-omp,4,1280,5,0,38.6744,39.3987,39.7238,2.7,500,MI250X,03,0.07879739999999999,0.2841844,3.606520012081617,0.9016300030204043,0.12179841814152749,1.5457162056302303,0.2472612239789631,False
4-omp-stream,4,512,5,0,1.9987,2.0491,2.0631,3.1,501,MI250X,03,0.004090019960079841,0.016963273453093813,4.147479381191743,1.0368698452979357,0.00646027961787959,1.579522760508357,0.26387052157771496,False
4-omp-stream,4,640,5,0,4.0524,4.1436,4.2143,3.9,500,MI250X,03,0.0082872,0.034306800000000005,4.139733565015929,1.0349333912539822,0.013209191676482936,1.593926980944461,0.2507195432669624,False
4-omp-stream,4,768,5,0,7.2364,7.2886,7.3809,2.0,501,MI250X,03,0.01454810379241517,0.05994850299401197,4.120709052492934,1.0301772631232335,0.023229374964057678,1.5967287074325518,0.25889264459077826,False
4-omp-stream,4,896,5,0,11.6511,11.8491,11.8932,2.0,501,MI250X,03,0.023650898203592813,0.09757025948103792,4.125435687098599,1.0313589217746497,0.037450647380041925,1.5834767482256884,0.25347779504841284,False
4-omp-stream,4,1024,5,0,18.0663,18.1607,18.2158,0.8,501,MI250X,03,0.03624890219560878,0.14449560878243514,3.986206478825156,0.996551619706289,0.05752765786397265,1.5870179337718426,0.25197256624027986,False
4-omp-stream,4,1152,5,0,25.9094,26.0581,26.3834,1.8,500,MI250X,03,0.0521162,0.2068602,3.9692111090217628,0.9923027772554407,0.08285557597843642,1.5898238163649003,0.246997626262386,False
4-omp-stream,4,1280,5,0,35.3297,36.3441,36.49,3.2,500,MI250X,03,0.0726882,0.2841844,3.909635951915167,0.9774089879787917,0.11531119171074082,1.586381169305896,0.24741383640528422,False
4-omp-stream-omp,4,512,5,0,2.0038,2.0609,2.0897,4.2,501,MI250X,03,0.004113572854291417,0.016963273453093813,4.123732349944199,1.0309330874860498,0.004198023627685877,1.0205297867294019,1.015928624813154,True
4-omp-stream-omp,4,640,5,0,4.0691,4.1161,4.1898,2.9,500,MI250X,03,0.0082322,0.034306800000000005,4.16739146279245,1.0418478656981125,0.008479023798812097,1.0299827262228927,0.9888116117326883,True
4-omp-stream-omp,4,768,5,0,7.1667,7.2932,7.3633,2.7,501,MI250X,03,0.014557285429141717,0.05994850299401197,4.1181100202928755,1.0295275050732189,0.014950318104349507,1.02699903612668,0.9856155174459224,True
4-omp-stream-omp,4,896,5,0,11.7035,11.8406,11.913,1.8,501,MI250X,03,0.023633932135728543,0.09757025948103792,4.128397209600865,1.0320993024002163,0.02414194414273293,1.0214950268997516,0.9777327935222673,True
4-omp-stream-omp,4,1024,5,0,18.0571,18.1426,18.1645,0.6,501,MI250X,03,0.03621277445109781,0.14449560878243514,3.990183325432959,0.9975458313582397,0.036983569622896624,1.021285173077244,0.95944543141872,True
4-omp-stream-omp,4,1152,5,0,25.8569,26.0677,26.2843,1.6,500,MI250X,03,0.0521354,0.2068602,3.967749360319476,0.991937340079869,0.05310214292158287,1.018542927101027,0.9616475700720825,True
4-omp-stream-omp,4,1280,5,0,35.3861,35.9717,36.4203,2.9,500,MI250X,03,0.07194339999999999,0.2841844,3.9501107815310377,0.9875276953827594,0.07359264346419347,1.0229241801776603,0.9444137285474872,True
4-omp-stream-omp-p2p,4,512,5,0,2.0038,2.0609,2.0897,3.0,501,MI250X,03,0.004113572854291417,0.016963273453093813,4.123732349944199,1.0309330874860498,0.004198023627685877,1.0205297867294019,1.015928624813154,True
4-omp-stream-omp-p2p,4,640,5,0,4.0315,4.126,4.2004,4.1,500,MI250X,03,0.008252,0.034306800000000005,4.157392147358217,1.0393480368395542,0.008455642679475768,1.0246779786083091,0.9910563168022998,True
4-omp-stream-omp-p2p,4,768,5,0,7.0755,7.2642,7.3496,3.8,501,MI250X,03,0.01449940119760479,0.05994850299401197,4.1345502601800606,1.0336375650450151,0.014914940408435919,1.0286590601341365,0.9831919789612097,True
4-omp-stream-omp-p2p,4,896,5,0,11.7528,11.8658,11.8957,1.2,501,MI250X,03,0.02368423153692615,0.09757025948103792,4.119629523504526,1.0299073808761314,0.02401324582769997,1.0138917021758065,0.9737512148496799,True
4-omp-stream-omp-p2p,4,1024,5,0,18.0571,18.1426,18.1645,0.6,501,MI250X,03,0.03621277445109781,0.14449560878243514,3.990183325432959,0.9975458313582397,0.036983569622896624,1.021285173077244,0.95944543141872,True
4-omp-stream-omp-p2p,4,1152,5,0,25.7981,26.0709,26.2873,1.9,500,MI250X,03,0.0521418,0.2068602,3.9672623499764104,0.9918155874941026,0.05288328525187162,1.0142205534114974,0.9631647398309999,True
4-omp-stream-omp-p2p,4,1280,5,0,35.4725,36.108,36.4532,2.7,500,MI250X,03,0.07221599999999999,0.2841844,3.935199955688491,0.9837999889221227,0.07361181384121344,1.019328318395002,0.9440432327837567,True
